gitRepository,repository,file,taskCount,taskSize,taskIdentifier,taskCoverage,maxPdgVertices,lackOfCohesion
ansible-lockdown/RHEL7-STIG,RHEL7-STIG,tasks/main.yml,17,7.24,1.94,0.06,42,0
ansible-lockdown/RHEL7-STIG,RHEL7-STIG,tasks/prelim.yml,24,18.38,3.42,0.04,33,0
ansible-lockdown/RHEL7-STIG,RHEL7-STIG,tasks/parse_etc_passwd.yml,1,30.0,16.0,1.0,30,0
ansible-lockdown/RHEL7-STIG,RHEL7-STIG,tasks/fix-cat1.yml,25,25.8,5.48,0.04,63,0
ansible-lockdown/RHEL7-STIG,RHEL7-STIG,tasks/fix-cat2.yml,197,22.11,3.41,0.01,67,0
ansible-lockdown/RHEL7-STIG,RHEL7-STIG,tasks/fix-cat3.yml,12,24.5,3.58,0.08,27,0
ansible-lockdown/RHEL7-STIG,RHEL7-STIG,handlers/main.yml,18,4.94,2.0,0.06,30,0
florianutz/Ubuntu1604-CIS,Ubuntu1604-CIS,tasks/main.yml,19,7.16,0.0,0.05,4,4
florianutz/Ubuntu1604-CIS,Ubuntu1604-CIS,handlers/main.yml,5,5.4,12.2,0.2,141,4
florianutz/Ubuntu1804-CIS,Ubuntu1804-CIS,tasks/main.yml,2,24.5,2.0,0.5,11,4
florianutz/Ubuntu1804-CIS,Ubuntu1804-CIS,tasks/prelim.yml,43,7.91,1.28,0.02,16,0
florianutz/Ubuntu1804-CIS,Ubuntu1804-CIS,tasks/section1.yml,72,14.94,1.42,0.01,31,0
florianutz/Ubuntu1804-CIS,Ubuntu1804-CIS,tasks/section2.yml,37,18.95,2.54,0.03,27,0
florianutz/Ubuntu1804-CIS,Ubuntu1804-CIS,tasks/section3.yml,48,20.38,1.69,0.02,23,0
florianutz/Ubuntu1804-CIS,Ubuntu1804-CIS,tasks/section4.yml,34,16.68,1.29,0.03,21,0
florianutz/Ubuntu1804-CIS,Ubuntu1804-CIS,tasks/section5.yml,47,16.55,1.66,0.02,24,0
florianutz/Ubuntu1804-CIS,Ubuntu1804-CIS,tasks/section6.yml,33,13.03,1.39,0.03,20,0
florianutz/Ubuntu1804-CIS,Ubuntu1804-CIS,tasks/post.yml,2,9.0,2.5,0.5,21,3
florianutz/Ubuntu1804-CIS,Ubuntu1804-CIS,handlers/main.yml,15,6.6,0.47,0.07,13,0
elastic/ansible-beats,ansible-beats,tasks/beats-param-check.yml,4,4.0,1.0,0.25,10,1
elastic/ansible-beats,ansible-beats,tasks/beats-debian.yml,12,8.08,3.58,0.08,30,0
elastic/ansible-beats,ansible-beats,tasks/beats-redhat.yml,6,9.0,3.83,0.17,28,0
elastic/ansible-beats,ansible-beats,tasks/beats-config.yml,10,7.2,1.9,0.1,22,0
elastic/ansible-beats,ansible-beats,tasks/beats.yml,4,4.25,0.75,0.25,16,16
elastic/ansible-beats,ansible-beats,tasks/main.yml,4,2.75,0.25,0.25,11,11
elastic/ansible-beats,ansible-beats,handlers/main.yml,1,8.0,5.0,1.0,24,24
cloudalchemy/ansible-blackbox-exporter,ansible-blackbox-exporter,handlers/main.yml,6,4.0,1.83,0.17,16,0
wcm-io-devops/ansible-conga-ansible-controlhost,ansible-conga-ansible-controlhost,tasks/packages/os.yml,2,6.0,2.5,0.5,19,19
wcm-io-devops/ansible-conga-ansible-controlhost,ansible-conga-ansible-controlhost,tasks/packages/pip.yml,2,7.5,2.5,0.5,21,8
wcm-io-devops/ansible-conga-ansible-controlhost,ansible-conga-ansible-controlhost,tasks/ansible/setup.yml,2,9.0,1.0,0.5,12,12
wcm-io-devops/ansible-conga-ansible-controlhost,ansible-conga-ansible-controlhost,tasks/ansible/vault.yml,2,7.5,4.5,0.5,20,12
wcm-io-devops/ansible-conga-ansible-controlhost,ansible-conga-ansible-controlhost,tasks/aws/credentials.yml,2,7.5,5.5,0.5,25,17
wcm-io-devops/ansible-conga-ansible-controlhost,ansible-conga-ansible-controlhost,tasks/maven/setup.yml,6,8.33,5.33,0.17,35,4
wcm-io-devops/ansible-conga-ansible-controlhost,ansible-conga-ansible-controlhost,tasks/maven/encrypt_password.yml,3,7.33,1.33,0.33,17,17
wcm-io-devops/ansible-conga-ansible-controlhost,ansible-conga-ansible-controlhost,tasks/nodejs/npmrc.yml,1,9.0,6.0,1.0,26,26
wcm-io-devops/ansible-conga-ansible-controlhost,ansible-conga-ansible-controlhost,tasks/env/setup.yml,2,12.0,7.5,0.5,27,11
ansible-community/ansible-consul,ansible-consul,tasks/install.yml,23,8.13,3.87,0.04,46,0
ansible-community/ansible-consul,ansible-consul,tasks/dnsmasq.yml,12,6.08,1.42,0.08,13,0
ansible-community/ansible-consul,ansible-consul,tasks/main.yml,1,17.0,2.0,1.0,15,15
ansible-community/ansible-consul,ansible-consul,tasks/services.yml,1,10.0,6.0,1.0,25,25
ansible-community/ansible-consul,ansible-consul,handlers/main.yml,5,3.0,0.2,0.2,11,0
DataDog/ansible-datadog,ansible-datadog,tasks/os-check.yml,1,5.0,1.0,1.0,9,9
DataDog/ansible-datadog,ansible-datadog,tasks/parse-version.yml,16,5.31,0.62,0.06,23,6
DataDog/ansible-datadog,ansible-datadog,tasks/pkg-debian.yml,16,6.81,3.81,0.06,43,0
DataDog/ansible-datadog,ansible-datadog,tasks/pkg-debian/install-pinned.yml,1,10.0,22.0,1.0,80,80
DataDog/ansible-datadog,ansible-datadog,tasks/pkg-redhat.yml,17,8.29,11.29,0.06,149,0
DataDog/ansible-datadog,ansible-datadog,tasks/pkg-redhat/install-pinned.yml,2,9.5,23.0,0.5,95,83
DataDog/ansible-datadog,ansible-datadog,tasks/pkg-suse.yml,9,10.22,8.22,0.11,49,0
DataDog/ansible-datadog,ansible-datadog,tasks/pkg-suse/install-pinned.yml,1,9.0,21.0,1.0,88,88
DataDog/ansible-datadog,ansible-datadog,tasks/pkg-windows.yml,13,5.46,8.69,0.08,129,0
DataDog/ansible-datadog,ansible-datadog,tasks/win_agent_version.yml,2,4.0,0.5,0.5,9,9
DataDog/ansible-datadog,ansible-datadog,tasks/pkg-windows-opts.yml,13,4.69,1.62,0.08,46,9
DataDog/ansible-datadog,ansible-datadog,tasks/agent5-linux.yml,9,7.67,7.22,0.11,60,0
DataDog/ansible-datadog,ansible-datadog,tasks/agent-linux.yml,18,7.33,3.22,0.06,68,0
DataDog/ansible-datadog,ansible-datadog,tasks/agent-win.yml,13,6.92,6.77,0.08,61,0
DataDog/ansible-datadog,ansible-datadog,tasks/integration.yml,12,5.92,3.17,0.08,37,3
DataDog/ansible-datadog,ansible-datadog,handlers/main.yml,4,3.75,5.0,0.25,65,5
HanXHX/ansible-debian-bootstrap,ansible-debian-bootstrap,handlers/main.yml,2,2.5,0.0,0.5,6,3
dokku/ansible-dokku,ansible-dokku,handlers/main.yml,1,5.0,1.0,1.0,9,9
elastic/ansible-elasticsearch,ansible-elasticsearch,handlers/main.yml,2,2.5,0.0,0.5,6,3
galaxyproject/ansible-galaxy,ansible-galaxy,tasks/main.yml,19,7.16,0.0,0.05,4,4
galaxyproject/ansible-galaxy,ansible-galaxy,tasks/layout.yml,4,9.0,1.25,0.25,17,17
galaxyproject/ansible-galaxy,ansible-galaxy,tasks/user.yml,1,37.0,44.0,1.0,65,33
galaxyproject/ansible-galaxy,ansible-galaxy,tasks/paths.yml,1,31.0,69.0,1.0,82,60
galaxyproject/ansible-galaxy,ansible-galaxy,tasks/clone.yml,1,28.0,36.0,1.0,66,41
galaxyproject/ansible-galaxy,ansible-galaxy,tasks/virtualenv.yml,2,10.5,89.0,0.5,69,39
galaxyproject/ansible-galaxy,ansible-galaxy,tasks/download.yml,1,32.0,67.0,1.0,66,33
galaxyproject/ansible-galaxy,ansible-galaxy,tasks/_inc_galaxy_version.yml,2,6.5,41.0,0.5,114,41
galaxyproject/ansible-galaxy,ansible-galaxy,tasks/static_setup.yml,1,125.0,254.0,1.0,87,31
galaxyproject/ansible-galaxy,ansible-galaxy,tasks/dependencies.yml,1,42.0,72.0,1.0,58,32
galaxyproject/ansible-galaxy,ansible-galaxy,tasks/mutable_setup.yml,2,18.0,26.5,0.5,76,27
galaxyproject/ansible-galaxy,ansible-galaxy,tasks/database.yml,1,45.0,82.0,1.0,69,47
galaxyproject/ansible-galaxy,ansible-galaxy,tasks/client.yml,1,75.0,199.0,1.0,129,43
galaxyproject/ansible-galaxy,ansible-galaxy,tasks/_inc_node_version.yml,2,27.5,48.5,0.5,110,31
galaxyproject/ansible-galaxy,ansible-galaxy,tasks/errordocs.yml,1,37.0,56.0,1.0,42,32
galaxyproject/ansible-galaxy,ansible-galaxy,handlers/main.yml,5,5.4,12.2,0.2,141,4
galaxyproject/ansible-galaxy-tools,ansible-galaxy-tools,tasks/main.yml,1,19.0,1.0,1.0,8,8
galaxyproject/ansible-galaxy-tools,ansible-galaxy-tools,tasks/bootstrap_user.yml,9,5.44,15.44,0.11,57,2
galaxyproject/ansible-galaxy-tools,ansible-galaxy-tools,tasks/tools.yml,1,13.0,3.0,1.0,18,18
riemers/ansible-gitlab-runner,ansible-gitlab-runner,tasks/global-setup.yml,9,10.56,11.33,0.11,36,11
riemers/ansible-gitlab-runner,ansible-gitlab-runner,tasks/update-config-runner.yml,63,12.25,8.19,0.02,32,0
riemers/ansible-gitlab-runner,ansible-gitlab-runner,tasks/line-config-runner.yml,3,7.33,16.67,0.33,47,7
riemers/ansible-gitlab-runner,ansible-gitlab-runner,tasks/install-debian.yml,10,5.6,1.9,0.1,25,0
riemers/ansible-gitlab-runner,ansible-gitlab-runner,tasks/install-redhat.yml,6,5.67,1.83,0.17,25,8
riemers/ansible-gitlab-runner,ansible-gitlab-runner,tasks/install-macos.yml,4,17.5,7.5,0.25,23,0
riemers/ansible-gitlab-runner,ansible-gitlab-runner,tasks/Unix.yml,9,3.89,1.11,0.11,28,11
riemers/ansible-gitlab-runner,ansible-gitlab-runner,tasks/register-runner.yml,4,35.25,3.25,0.25,37,1
riemers/ansible-gitlab-runner,ansible-gitlab-runner,tasks/config-runners.yml,5,6.8,2.8,0.2,34,2
riemers/ansible-gitlab-runner,ansible-gitlab-runner,tasks/config-runner.yml,3,12.0,3.33,0.33,25,2
riemers/ansible-gitlab-runner,ansible-gitlab-runner,tasks/install-windows.yml,4,14.25,9.25,0.25,31,0
riemers/ansible-gitlab-runner,ansible-gitlab-runner,tasks/Windows.yml,7,4.43,3.29,0.14,26,19
riemers/ansible-gitlab-runner,ansible-gitlab-runner,tasks/register-runner-windows.yml,1,105.0,13.0,1.0,40,40
riemers/ansible-gitlab-runner,ansible-gitlab-runner,tasks/global-setup-windows.yml,8,9.88,5.75,0.12,31,9
riemers/ansible-gitlab-runner,ansible-gitlab-runner,tasks/config-runners-windows.yml,6,9.0,5.17,0.17,27,0
riemers/ansible-gitlab-runner,ansible-gitlab-runner,tasks/config-runner-windows.yml,3,12.0,3.33,0.33,25,2
riemers/ansible-gitlab-runner,ansible-gitlab-runner,tasks/update-config-runner-windows.yml,32,10.22,4.0,0.03,29,11
riemers/ansible-gitlab-runner,ansible-gitlab-runner,tasks/line-config-runner-windows.yml,3,7.33,8.33,0.33,47,20
riemers/ansible-gitlab-runner,ansible-gitlab-runner,handlers/main.yml,4,4.75,4.5,0.25,28,0
cloudalchemy/ansible-grafana,ansible-grafana,tasks/preflight.yml,12,6.17,1.08,0.08,11,0
cloudalchemy/ansible-grafana,ansible-grafana,tasks/install.yml,4,17.0,4.0,0.25,19,0
cloudalchemy/ansible-grafana,ansible-grafana,tasks/configure.yml,6,13.33,1.17,0.17,18,0
cloudalchemy/ansible-grafana,ansible-grafana,tasks/plugins.yml,2,9.5,4.0,0.5,25,15
cloudalchemy/ansible-grafana,ansible-grafana,tasks/main.yml,5,19.4,1.0,0.2,16,1
cloudalchemy/ansible-grafana,ansible-grafana,tasks/api_keys.yml,4,9.5,7.5,0.25,54,7
cloudalchemy/ansible-grafana,ansible-grafana,tasks/datasources.yml,2,19.5,6.0,0.5,70,13
cloudalchemy/ansible-grafana,ansible-grafana,tasks/notifications.yml,1,13.0,3.0,1.0,25,25
cloudalchemy/ansible-grafana,ansible-grafana,tasks/dashboards.yml,1,106.0,47.0,1.0,53,0
cloudalchemy/ansible-grafana,ansible-grafana,handlers/main.yml,3,8.33,0.67,0.33,14,1
mrlesmithjr/ansible-netdata,ansible-netdata,tasks/debian.yml,2,8.0,1.5,0.5,11,2
mrlesmithjr/ansible-netdata,ansible-netdata,tasks/redhat.yml,5,5.8,3.4,0.2,28,0
mrlesmithjr/ansible-netdata,ansible-netdata,tasks/install.yml,4,8.0,2.75,0.25,32,5
mrlesmithjr/ansible-netdata,ansible-netdata,tasks/config.yml,6,11.67,2.33,0.17,21,0
mrlesmithjr/ansible-netdata,ansible-netdata,tasks/update.yml,2,7.0,3.0,0.5,18,11
mrlesmithjr/ansible-netdata,ansible-netdata,tasks/auto_updates.yml,1,12.0,3.0,1.0,29,29
mrlesmithjr/ansible-netdata,ansible-netdata,tasks/uninstall.yml,5,6.0,2.2,0.2,18,4
mrlesmithjr/ansible-netdata,ansible-netdata,handlers/main.yml,4,6.25,0.0,0.25,10,0
HanXHX/ansible-nginx,ansible-nginx,tasks/main.yml,11,23.36,0.45,0.09,12,0
HanXHX/ansible-nginx,ansible-nginx,handlers/main.yml,5,14.4,4.6,0.2,35,0
cloudalchemy/ansible-node-exporter,ansible-node-exporter,tasks/preflight.yml,7,13.86,1.71,0.14,18,0
cloudalchemy/ansible-node-exporter,ansible-node-exporter,tasks/install.yml,3,19.33,9.33,0.33,57,0
cloudalchemy/ansible-node-exporter,ansible-node-exporter,tasks/configure.yml,3,15.67,2.0,0.33,20,0
cloudalchemy/ansible-node-exporter,ansible-node-exporter,tasks/main.yml,1,35.0,1.0,1.0,14,14
cloudalchemy/ansible-node-exporter,ansible-node-exporter,handlers/main.yml,1,9.0,1.0,1.0,10,10
openwisp/ansible-openwisp2,ansible-openwisp2,tasks/main.yml,7,8.0,2.14,0.14,31,0
openwisp/ansible-openwisp2,ansible-openwisp2,handlers/main.yml,1,7.0,0.0,1.0,7,7
Oefenweb/ansible-postfix,ansible-postfix,tasks/main.yml,13,6.31,0.15,0.08,10,10
Oefenweb/ansible-postfix,ansible-postfix,handlers/main.yml,1,6.0,2.0,1.0,11,11
cloudalchemy/ansible-prometheus,ansible-prometheus,tasks/preflight.yml,10,10.0,1.2,0.1,25,0
cloudalchemy/ansible-prometheus,ansible-prometheus,tasks/install.yml,8,15.62,5.12,0.12,48,0
cloudalchemy/ansible-prometheus,ansible-prometheus,tasks/configure.yml,6,10.5,3.0,0.17,22,2
cloudalchemy/ansible-prometheus,ansible-prometheus,tasks/main.yml,2,17.0,0.0,0.5,8,8
cloudalchemy/ansible-prometheus,ansible-prometheus,handlers/main.yml,2,6.0,0.0,0.5,8,3
cloudalchemy/ansible-pushgateway,ansible-pushgateway,tasks/preflight.yml,4,10.25,1.0,0.25,19,0
cloudalchemy/ansible-pushgateway,ansible-pushgateway,tasks/install.yml,7,8.14,3.43,0.14,40,0
cloudalchemy/ansible-pushgateway,ansible-pushgateway,tasks/configure.yml,1,28.0,9.0,1.0,17,0
cloudalchemy/ansible-pushgateway,ansible-pushgateway,tasks/main.yml,2,16.0,1.0,0.5,17,17
cloudalchemy/ansible-pushgateway,ansible-pushgateway,handlers/main.yml,1,7.0,0.0,1.0,7,7
stone-payments/ansible-rabbitmq,ansible-rabbitmq,handlers/main.yml,4,3.75,0.0,0.25,7,0
DavidWittman/ansible-redis,ansible-redis,tasks/check_vars.yml,2,9.0,1.5,0.5,12,0
DavidWittman/ansible-redis,ansible-redis,tasks/download.yml,4,6.5,2.75,0.25,36,5
DavidWittman/ansible-redis,ansible-redis,tasks/dependencies.yml,5,8.8,1.4,0.2,12,1
DavidWittman/ansible-redis,ansible-redis,tasks/install.yml,11,6.0,2.91,0.09,34,0
DavidWittman/ansible-redis,ansible-redis,tasks/server.yml,17,7.47,4.06,0.06,36,0
DavidWittman/ansible-redis,ansible-redis,tasks/sentinel.yml,16,7.31,3.88,0.06,33,0
DavidWittman/ansible-redis,ansible-redis,tasks/local_facts.yml,2,4.0,0.5,0.5,12,2
DavidWittman/ansible-redis,ansible-redis,handlers/main.yml,2,5.5,2.5,0.5,16,5
mimacom/ansible-role-bamboo,ansible-role-bamboo,tasks/bamboo.yml,13,6.46,1.77,0.08,40,0
mimacom/ansible-role-bamboo,ansible-role-bamboo,tasks/fact.yml,3,5.33,0.0,0.33,6,1
mimacom/ansible-role-bamboo,ansible-role-bamboo,handlers/main.yml,1,5.0,0.0,1.0,5,5
hadret/ansible-role-containers,ansible-role-containers,tasks/registries.yml,1,24.0,2.0,1.0,46,46
hadret/ansible-role-containers,ansible-role-containers,tasks/containers.yml,1,101.0,2.0,1.0,200,200
naftulikay/ansible-role-degoss,ansible-role-degoss,tasks/main.yml,5,7.6,4.4,0.2,41,2
nwoetzel/ansible-role-eclipse,ansible-role-eclipse,tasks/main.yml,2,16.0,1.0,0.5,17,17
nwoetzel/ansible-role-eclipse,ansible-role-eclipse,handlers/main.yml,1,7.0,0.0,1.0,7,7
infOpen/ansible-role-fail2ban,ansible-role-fail2ban,tasks/main.yml,26,7.08,1.5,0.04,28,0
infOpen/ansible-role-fail2ban,ansible-role-fail2ban,handlers/main.yml,1,3.0,0.0,1.0,6,6
PyratLabs/ansible-role-k3s,ansible-role-k3s,handlers/main.yml,4,8.75,2.25,0.25,19,4
stackhpc/ansible-role-libvirt-vm,ansible-role-libvirt-vm,tasks/autodetect.yml,2,36.5,9.0,0.5,27,5
stackhpc/ansible-role-libvirt-vm,ansible-role-libvirt-vm,tasks/main.yml,2,30.0,2.0,0.5,22,22
stackhpc/ansible-role-libvirt-vm,ansible-role-libvirt-vm,tasks/volumes.yml,4,12.25,6.0,0.25,31,4
stackhpc/ansible-role-libvirt-vm,ansible-role-libvirt-vm,tasks/vm.yml,5,6.8,3.0,0.2,27,5
stackhpc/ansible-role-libvirt-vm,ansible-role-libvirt-vm,tasks/check-interface.yml,2,10.0,2.0,0.5,12,4
stackhpc/ansible-role-libvirt-vm,ansible-role-libvirt-vm,tasks/destroy-vm.yml,1,26.0,8.0,1.0,17,4
stackhpc/ansible-role-libvirt-vm,ansible-role-libvirt-vm,tasks/destroy-volumes.yml,1,14.0,5.0,1.0,23,23
UnderGreen/ansible-role-mongodb,ansible-role-mongodb,tasks/main.yml,7,5.29,1.43,0.14,13,0
UnderGreen/ansible-role-mongodb,ansible-role-mongodb,handlers/main.yml,3,4.67,0.33,0.33,10,1
lae/ansible-role-proxmox,ansible-role-proxmox,tasks/main.yml,26,10.85,3.85,0.04,52,0
lae/ansible-role-proxmox,ansible-role-proxmox,tasks/ssh_cluster_config.yml,9,7.0,1.78,0.11,15,0
lae/ansible-role-proxmox,ansible-role-proxmox,tasks/kernel_updates.yml,4,6.25,2.25,0.25,15,0
lae/ansible-role-proxmox,ansible-role-proxmox,tasks/disable_nmi_watchdog.yml,4,8.75,1.25,0.25,11,0
lae/ansible-role-proxmox,ansible-role-proxmox,tasks/ipmi_watchdog.yml,3,7.0,1.67,0.33,16,1
lae/ansible-role-proxmox,ansible-role-proxmox,tasks/zfs.yml,5,5.8,0.6,0.2,12,0
lae/ansible-role-proxmox,ansible-role-proxmox,tasks/kernel_module_cleanup.yml,2,21.0,4.0,0.5,14,0
lae/ansible-role-proxmox,ansible-role-proxmox,tasks/pve_cluster_config.yml,12,8.25,3.42,0.08,44,0
lae/ansible-role-proxmox,ansible-role-proxmox,tasks/pve_add_node.yml,2,15.5,11.5,0.5,40,1
lae/ansible-role-proxmox,ansible-role-proxmox,tasks/ceph.yml,7,31.71,13.14,0.14,30,0
lae/ansible-role-proxmox,ansible-role-proxmox,tasks/ssl_config.yml,2,11.0,1.5,0.5,9,0
lae/ansible-role-proxmox,ansible-role-proxmox,handlers/main.yml,6,4.33,0.0,0.17,7,0
CSCfi/ansible-role-slurm,ansible-role-slurm,tasks/common.yml,18,3.67,1.67,0.06,23,0
CSCfi/ansible-role-slurm,ansible-role-slurm,tasks/dbd.yml,19,5.05,4.16,0.05,37,0
CSCfi/ansible-role-slurm,ansible-role-slurm,tasks/service.yml,18,3.67,4.28,0.06,40,0
CSCfi/ansible-role-slurm,ansible-role-slurm,tasks/slurmctld.yml,10,4.0,3.6,0.1,28,0
CSCfi/ansible-role-slurm,ansible-role-slurm,tasks/compute.yml,13,3.85,2.0,0.08,25,0
CSCfi/ansible-role-slurm,ansible-role-slurm,tasks/submit.yml,3,5.0,1.33,0.33,15,1
CSCfi/ansible-role-slurm,ansible-role-slurm,tasks/redhat.yml,3,10.33,3.0,0.33,23,4
CSCfi/ansible-role-slurm,ansible-role-slurm,tasks/common_ubuntu.yml,15,3.27,1.47,0.07,24,0
CSCfi/ansible-role-slurm,ansible-role-slurm,tasks/compute_ubuntu.yml,11,3.55,1.27,0.09,24,0
CSCfi/ansible-role-slurm,ansible-role-slurm,handlers/main.yml,6,4.0,1.83,0.17,16,0
m4rcu5nl/ansible-role-zerotier,ansible-role-zerotier,tasks/install.yml,0,0,0,0.0,9,3
m4rcu5nl/ansible-role-zerotier,ansible-role-zerotier,tasks/main.yml,0,0,0,0.0,9,2
m4rcu5nl/ansible-role-zerotier,ansible-role-zerotier,tasks/authorize_node.yml,0,0,0,0.0,19,13
m4rcu5nl/ansible-role-zerotier,ansible-role-zerotier,tasks/join_network.yml,1,7.0,1.0,1.0,8,8
m4rcu5nl/ansible-role-zerotier,ansible-role-zerotier,handlers/main.yml,4,2.25,0.0,0.25,7,0
viasite-ansible/ansible-role-zsh,ansible-role-zsh,tasks/install.yml,10,6.9,4.3,0.1,45,0
viasite-ansible/ansible-role-zsh,ansible-role-zsh,tasks/configure.yml,11,5.82,2.0,0.09,24,0
viasite-ansible/ansible-role-zsh,ansible-role-zsh,tasks/post-install.yml,2,6.5,4.5,0.5,23,13
viasite-ansible/ansible-role-zsh,ansible-role-zsh,tasks/main.yml,1,21.0,4.0,1.0,16,16
willshersystems/ansible-sshd,ansible-sshd,handlers/main.yml,3,11.33,2.33,0.33,15,1
Oefenweb/ansible-supervisor,ansible-supervisor,handlers/main.yml,4,4.75,4.5,0.25,28,0
dj-wasabi/ansible-telegraf,ansible-telegraf,tasks/main.yml,12,3.0,0.17,0.08,14,14
dj-wasabi/ansible-telegraf,ansible-telegraf,handlers/main.yml,7,3.57,0.0,0.14,7,0
kibatic/ansible-traefik,ansible-traefik,tasks/main.yml,5,19.4,1.0,0.2,16,1
kibatic/ansible-traefik,ansible-traefik,handlers/main.yml,3,8.33,0.67,0.33,14,1
ansible-community/ansible-vault,ansible-vault,handlers/main.yml,4,3.75,0.0,0.25,7,0
arillso/ansible.logrotate,ansible.logrotate,tasks/main.yml,5,12.4,1.0,0.2,14,0
idealista/consul_role,consul_role,tasks/check.yml,2,5.0,0.5,0.5,5,5
idealista/consul_role,consul_role,tasks/install.yml,7,6.0,2.43,0.14,29,0
idealista/consul_role,consul_role,tasks/config.yml,3,9.33,2.67,0.33,23,2
idealista/consul_role,consul_role,tasks/service.yml,1,7.0,0.0,1.0,7,7
idealista/consul_role,consul_role,tasks/consul_acl.yml,7,6.43,2.71,0.14,26,0
idealista/consul_role,consul_role,tasks/consul_services_registration.yml,3,11.0,1.33,0.33,24,0
idealista/consul_role,consul_role,handlers/main.yml,2,4.5,0.0,0.5,6,3
ansistrano/deploy,deploy,tasks/setup.yml,5,5.0,3.8,0.2,22,2
ansistrano/deploy,deploy,tasks/update-code.yml,4,5.5,4.25,0.25,32,10
ansistrano/deploy,deploy,tasks/symlink-shared.yml,4,6.0,9.0,0.25,39,20
ansistrano/deploy,deploy,tasks/symlink.yml,3,5.0,5.0,0.33,32,15
ansistrano/deploy,deploy,tasks/rsync-deploy.yml,6,5.17,4.33,0.17,27,4
ansistrano/deploy,deploy,tasks/cleanup.yml,1,4.0,4.0,1.0,18,18
ansistrano/deploy,deploy,tasks/anon-stats.yml,1,15.0,3.0,1.0,19,19
Graylog2/graylog-ansible-role,graylog-ansible-role,tasks/main.yml,7,5.29,1.43,0.14,13,0
Graylog2/graylog-ansible-role,graylog-ansible-role,tasks/server.yml,6,9.0,1.0,0.17,15,0
Graylog2/graylog-ansible-role,graylog-ansible-role,handlers/main.yml,3,4.67,0.33,0.33,10,1
newrelic/infrastructure-agent-ansible,infrastructure-agent-ansible,tasks/install_targz.yml,12,6.5,4.25,0.08,28,0
newrelic/infrastructure-agent-ansible,infrastructure-agent-ansible,tasks/install_dist_pkgs.yml,20,6.5,4.0,0.05,41,0
newrelic/infrastructure-agent-ansible,infrastructure-agent-ansible,handlers/main.yml,2,5.5,1.0,0.5,10,5
idealista/java_role,java_role,tasks/install_openjdk.yml,12,8.0,2.92,0.08,19,0
idealista/mysql_role,mysql_role,tasks/config.yml,11,7.64,2.0,0.09,19,0
idealista/mysql_role,mysql_role,tasks/users.yml,2,9.5,3.5,0.5,24,9
idealista/mysql_role,mysql_role,tasks/databases.yml,1,10.0,4.0,1.0,22,22
idealista/mysql_role,mysql_role,tasks/service.yml,1,7.0,2.0,1.0,13,13
idealista/mysql_role,mysql_role,handlers/main.yml,2,7.0,2.5,0.5,13,1
idealista/nexus-role,nexus-role,tasks/install.yml,10,7.2,4.0,0.1,44,0
idealista/nexus-role,nexus-role,tasks/config.yml,5,6.0,1.4,0.2,16,1
idealista/nexus-role,nexus-role,tasks/service.yml,7,6.57,2.71,0.14,21,0
idealista/nexus-role,nexus-role,tasks/script/declare_script.yml,2,11.0,7.5,0.5,37,28
idealista/nexus-role,nexus-role,tasks/script/run_script.yml,1,12.0,312.0,1.0,42,6
idealista/nexus-role,nexus-role,tasks/action/create_blobstore.yml,2,7.0,5.0,0.5,33,12
idealista/nexus-role,nexus-role,handlers/main.yml,1,6.0,1.0,1.0,9,9
ansible-ThoTeam/nexus3-oss,nexus3-oss,tasks/main.yml,2,18.0,0.5,0.5,7,1
ansible-ThoTeam/nexus3-oss,nexus3-oss,handlers/main.yml,5,4.6,0.8,0.2,10,0
openstack/openstack-ansible-os_neutron,openstack-ansible-os_neutron,handlers/main.yml,1,5.0,1.0,1.0,7,7
openstack/openstack-ansible-rabbitmq_server,openstack-ansible-rabbitmq_server,tasks/main.yml,2,18.0,0.5,0.5,7,1
oVirt/ovirt-ansible-disaster-recovery,ovirt-ansible-disaster-recovery,tasks/main.yml,2,16.0,0.0,0.5,7,7
oVirt/ovirt-ansible-hosted-engine-setup,ovirt-ansible-hosted-engine-setup,tasks/install_packages.yml,1,9.0,2.0,1.0,6,0
oVirt/ovirt-ansible-hosted-engine-setup,ovirt-ansible-hosted-engine-setup,tasks/initial_clean.yml,1,113.0,38.0,1.0,14,0
oVirt/ovirt-ansible-hosted-engine-setup,ovirt-ansible-hosted-engine-setup,tasks/validate_ip_prefix.yml,1,23.0,47.0,1.0,112,0
oVirt/ovirt-ansible-hosted-engine-setup,ovirt-ansible-hosted-engine-setup,tasks/alter_libvirt_default_net_configuration.yml,7,13.71,52.57,0.14,182,0
oVirt/ovirt-ansible-hosted-engine-setup,ovirt-ansible-hosted-engine-setup,tasks/bootstrap_local_vm/01_prepare_routing_rules.yml,1,106.0,168.0,1.0,32,0
oVirt/ovirt-ansible-hosted-engine-setup,ovirt-ansible-hosted-engine-setup,tasks/bootstrap_local_vm/02_create_local_vm.yml,1,163.0,120.0,1.0,44,0
oVirt/ovirt-ansible-hosted-engine-setup,ovirt-ansible-hosted-engine-setup,tasks/install_appliance.yml,6,6.0,5.0,0.17,32,0
oVirt/ovirt-ansible-hosted-engine-setup,ovirt-ansible-hosted-engine-setup,tasks/get_local_vm_disk_path.yml,2,6.5,26.0,0.5,25,0
oVirt/ovirt-ansible-hosted-engine-setup,ovirt-ansible-hosted-engine-setup,tasks/clean_localvm_dir.yml,2,6.0,22.0,0.5,52,0
oVirt/ovirt-ansible-hosted-engine-setup,ovirt-ansible-hosted-engine-setup,tasks/bootstrap_local_vm/03_engine_initial_tasks.yml,1,91.0,83.0,1.0,132,0
oVirt/ovirt-ansible-hosted-engine-setup,ovirt-ansible-hosted-engine-setup,tasks/apply_openscap_profile.yml,7,6.86,7.14,0.14,24,0
oVirt/ovirt-ansible-hosted-engine-setup,ovirt-ansible-hosted-engine-setup,tasks/restore_backup.yml,13,8.23,2.46,0.08,13,0
oVirt/ovirt-ansible-hosted-engine-setup,ovirt-ansible-hosted-engine-setup,tasks/fetch_engine_logs.yml,4,7.5,20.5,0.25,42,0
oVirt/ovirt-ansible-hosted-engine-setup,ovirt-ansible-hosted-engine-setup,tasks/bootstrap_local_vm/04_engine_final_tasks.yml,1,75.0,18.0,1.0,24,0
oVirt/ovirt-ansible-hosted-engine-setup,ovirt-ansible-hosted-engine-setup,tasks/bootstrap_local_vm/05_add_host.yml,1,208.0,162.0,1.0,68,0
oVirt/ovirt-ansible-hosted-engine-setup,ovirt-ansible-hosted-engine-setup,tasks/auth_sso.yml,1,12.0,15.0,1.0,10,0
oVirt/ovirt-ansible-hosted-engine-setup,ovirt-ansible-hosted-engine-setup,tasks/pause_execution.yml,2,6.5,2.0,0.5,9,0
oVirt/ovirt-ansible-hosted-engine-setup,ovirt-ansible-hosted-engine-setup,tasks/auth_revoke.yml,1,6.0,2.0,1.0,11,0
oVirt/ovirt-ansible-hosted-engine-setup,ovirt-ansible-hosted-engine-setup,tasks/create_storage_domain.yml,1,176.0,280.0,1.0,74,0
oVirt/ovirt-ansible-hosted-engine-setup,ovirt-ansible-hosted-engine-setup,tasks/create_target_vm/01_create_target_hosted_engine_vm.yml,1,221.0,138.0,1.0,59,0
oVirt/ovirt-ansible-hosted-engine-setup,ovirt-ansible-hosted-engine-setup,tasks/create_target_vm/02_engine_vm_configuration.yml,1,91.0,28.0,1.0,13,0
oVirt/ovirt-ansible-hosted-engine-setup,ovirt-ansible-hosted-engine-setup,tasks/ipv_switch.yml,1,11.0,10.0,1.0,12,6
oVirt/ovirt-ansible-hosted-engine-setup,ovirt-ansible-hosted-engine-setup,tasks/create_target_vm/03_hosted_engine_final_tasks.yml,1,421.0,590.0,1.0,106,0
oVirt/ovirt-ansible-hosted-engine-setup,ovirt-ansible-hosted-engine-setup,tasks/full_execution.yml,7,9.0,0.0,0.14,4,4
oVirt/ovirt-ansible-hosted-engine-setup,ovirt-ansible-hosted-engine-setup,tasks/partial_execution.yml,12,8.17,0.0,0.08,3,3
oVirt/ovirt-ansible-hosted-engine-setup,ovirt-ansible-hosted-engine-setup,tasks/fetch_host_ip.yml,5,9.0,14.0,0.2,46,0
oVirt/ovirt-ansible-hosted-engine-setup,ovirt-ansible-hosted-engine-setup,tasks/pre_checks/001_validate_network_interfaces.yml,1,79.0,11.0,1.0,33,0
oVirt/ovirt-ansible-hosted-engine-setup,ovirt-ansible-hosted-engine-setup,tasks/filter_team_devices.yml,5,7.0,2.2,0.2,29,0
oVirt/ovirt-ansible-hosted-engine-setup,ovirt-ansible-hosted-engine-setup,tasks/pre_checks/002_validate_hostname_tasks.yml,4,29.25,28.75,0.25,73,0
oVirt/ovirt-ansible-hosted-engine-setup,ovirt-ansible-hosted-engine-setup,tasks/fc_getdevices.yml,1,11.0,7.0,1.0,33,2
oVirt/ovirt-ansible-hosted-engine-setup,ovirt-ansible-hosted-engine-setup,tasks/iscsi_discover.yml,3,12.0,5.67,0.33,49,0
oVirt/ovirt-ansible-hosted-engine-setup,ovirt-ansible-hosted-engine-setup,tasks/iscsi_getdevices.yml,2,16.0,6.5,0.5,33,0
ANXS/postgresql,postgresql,tasks/install_apt.yml,7,6.43,3.0,0.14,27,0
ANXS/postgresql,postgresql,tasks/extensions/contrib.yml,3,7.67,3.67,0.33,17,3
ANXS/postgresql,postgresql,tasks/extensions/dev_headers.yml,3,9.33,2.0,0.33,14,1
ANXS/postgresql,postgresql,tasks/extensions/postgis.yml,3,9.33,3.0,0.33,17,5
ANXS/postgresql,postgresql,tasks/fdw.yml,3,6.67,1.33,0.33,13,3
ANXS/postgresql,postgresql,tasks/configure.yml,24,8.83,7.96,0.04,55,0
ANXS/postgresql,postgresql,tasks/users.yml,2,8.5,3.0,0.5,27,1
ANXS/postgresql,postgresql,tasks/databases.yml,10,8.2,6.0,0.1,47,0
ANXS/postgresql,postgresql,tasks/schemas.yml,1,14.0,6.0,1.0,34,34
ANXS/postgresql,postgresql,tasks/users_privileges.yml,1,14.0,5.0,1.0,32,32
ANXS/postgresql,postgresql,tasks/monit.yml,1,4.0,0.0,1.0,5,5
ANXS/postgresql,postgresql,tasks/check_pg_version_mismatch.yml,3,8.0,3.67,0.33,22,9
ANXS/postgresql,postgresql,handlers/main.yml,1,5.0,1.0,1.0,9,9
rvm/rvm1-ansible,rvm1-ansible,tasks/rvm.yml,10,4.8,4.1,0.1,32,0
rvm/rvm1-ansible,rvm1-ansible,tasks/rubies.yml,9,6.22,5.78,0.11,32,2
stackbuilders/sb-debian-base,sb-debian-base,tasks/prebootstrap.yml,4,7.75,1.5,0.25,19,0
stackbuilders/sb-debian-base,sb-debian-base,tasks/set-authorized-keys-admin.yml,1,6.0,10.0,1.0,19,9
stackbuilders/sb-debian-base,sb-debian-base,tasks/bootstrap-packages.yml,2,5.0,1.0,0.5,10,2
stackbuilders/sb-debian-base,sb-debian-base,tasks/bootstrap-services-and-os-settings.yml,6,5.5,1.0,0.17,13,0
stackbuilders/sb-debian-base,sb-debian-base,tasks/bootstrap-ssh.yml,2,7.0,0.5,0.5,12,2
stackbuilders/sb-debian-base,sb-debian-base,tasks/bootstrap-firewall.yml,4,6.5,0.75,0.25,12,0
stackbuilders/sb-debian-base,sb-debian-base,tasks/bootstrap-deploy-user.yml,5,7.6,3.0,0.2,23,6
stackbuilders/sb-debian-base,sb-debian-base,tasks/set-authorized-keys-user.yml,1,6.0,4.0,1.0,10,6
stackbuilders/sb-debian-base,sb-debian-base,tasks/bootstrap-environment-variables.yml,2,9.5,4.0,0.5,26,11
stackbuilders/sb-debian-base,sb-debian-base,handlers/main.yml,2,2.5,0.0,0.5,6,3
sensu/sensu-ansible,sensu-ansible,tasks/redis.yml,2,5.5,0.5,0.5,9,9
sensu/sensu-ansible,sensu-ansible,tasks/ssl.yml,3,8.67,3.33,0.33,29,15
sensu/sensu-ansible,sensu-ansible,tasks/rabbit.yml,6,11.0,2.67,0.17,21,0
sensu/sensu-ansible,sensu-ansible,tasks/common.yml,5,10.2,3.6,0.2,28,10
sensu/sensu-ansible,sensu-ansible,tasks/server.yml,5,7.4,2.2,0.2,23,0
sensu/sensu-ansible,sensu-ansible,tasks/dashboard.yml,2,5.0,1.5,0.5,17,17
sensu/sensu-ansible,sensu-ansible,tasks/client.yml,3,7.67,1.67,0.33,20,2
sensu/sensu-ansible,sensu-ansible,tasks/plugins.yml,15,9.07,4.53,0.07,35,0
sensu/sensu-ansible,sensu-ansible,handlers/main.yml,14,3.86,1.29,0.07,15,0
automium/service-kubernetes,service-kubernetes,tasks/main.yml,2,24.5,2.0,0.5,11,4
automium/service-kubernetes,service-kubernetes,handlers/main.yml,11,6.45,0.55,0.09,13,0
caktus/tequila-django,tequila-django,tasks/main.yml,30,7.1,3.37,0.03,42,0
caktus/tequila-django,tequila-django,tasks/celery.yml,8,9.0,2.75,0.12,24,0
caktus/tequila-django,tequila-django,handlers/main.yml,1,8.0,6.0,1.0,25,25
