repository,metric,rank
PyratLabs/ansible-role-k3s,pdg,4.0
PyratLabs/ansible-role-k3s,delta,1.0
PyratLabs/ansible-role-k3s,iac,14.0
PyratLabs/ansible-role-k3s,process,3.0
PyratLabs/ansible-role-k3s,pdg_delta,5.0
PyratLabs/ansible-role-k3s,pdg_iac,15.0
PyratLabs/ansible-role-k3s,pdg_process,7.0
PyratLabs/ansible-role-k3s,delta_iac,11.0
PyratLabs/ansible-role-k3s,delta_process,2.0
PyratLabs/ansible-role-k3s,iac_process,12.0
PyratLabs/ansible-role-k3s,pdg_delta_iac,13.0
PyratLabs/ansible-role-k3s,pdg_delta_process,6.0
PyratLabs/ansible-role-k3s,pdg_iac_process,10.0
PyratLabs/ansible-role-k3s,delta_iac_process,8.0
PyratLabs/ansible-role-k3s,pdg_iac_delta_process,9.0
anthcourtney/ansible-role-cis-amazon-linux,pdg,6.5
anthcourtney/ansible-role-cis-amazon-linux,delta,1.0
anthcourtney/ansible-role-cis-amazon-linux,iac,14.5
anthcourtney/ansible-role-cis-amazon-linux,process,2.0
anthcourtney/ansible-role-cis-amazon-linux,pdg_delta,6.5
anthcourtney/ansible-role-cis-amazon-linux,pdg_iac,14.5
anthcourtney/ansible-role-cis-amazon-linux,pdg_process,4.0
anthcourtney/ansible-role-cis-amazon-linux,delta_iac,12.5
anthcourtney/ansible-role-cis-amazon-linux,delta_process,3.0
anthcourtney/ansible-role-cis-amazon-linux,iac_process,10.0
anthcourtney/ansible-role-cis-amazon-linux,pdg_delta_iac,12.5
anthcourtney/ansible-role-cis-amazon-linux,pdg_delta_process,5.0
anthcourtney/ansible-role-cis-amazon-linux,pdg_iac_process,11.0
anthcourtney/ansible-role-cis-amazon-linux,delta_iac_process,8.0
anthcourtney/ansible-role-cis-amazon-linux,pdg_iac_delta_process,9.0
ansible-ThoTeam/nexus3-oss,pdg,7.0
ansible-ThoTeam/nexus3-oss,delta,3.0
ansible-ThoTeam/nexus3-oss,iac,14.5
ansible-ThoTeam/nexus3-oss,process,1.0
ansible-ThoTeam/nexus3-oss,pdg_delta,6.0
ansible-ThoTeam/nexus3-oss,pdg_iac,14.5
ansible-ThoTeam/nexus3-oss,pdg_process,4.0
ansible-ThoTeam/nexus3-oss,delta_iac,12.5
ansible-ThoTeam/nexus3-oss,delta_process,2.0
ansible-ThoTeam/nexus3-oss,iac_process,10.0
ansible-ThoTeam/nexus3-oss,pdg_delta_iac,12.5
ansible-ThoTeam/nexus3-oss,pdg_delta_process,5.0
ansible-ThoTeam/nexus3-oss,pdg_iac_process,10.0
ansible-ThoTeam/nexus3-oss,delta_iac_process,10.0
ansible-ThoTeam/nexus3-oss,pdg_iac_delta_process,8.0
automium/service-kubernetes,pdg,4.0
automium/service-kubernetes,delta,2.0
automium/service-kubernetes,iac,12.0
automium/service-kubernetes,process,3.0
automium/service-kubernetes,pdg_delta,5.0
automium/service-kubernetes,pdg_iac,15.0
automium/service-kubernetes,pdg_process,7.0
automium/service-kubernetes,delta_iac,10.0
automium/service-kubernetes,delta_process,1.0
automium/service-kubernetes,iac_process,11.0
automium/service-kubernetes,pdg_delta_iac,14.0
automium/service-kubernetes,pdg_delta_process,6.0
automium/service-kubernetes,pdg_iac_process,13.0
automium/service-kubernetes,delta_iac_process,8.0
automium/service-kubernetes,pdg_iac_delta_process,9.0
oVirt/ovirt-ansible-hosted-engine-setup,pdg,7.0
oVirt/ovirt-ansible-hosted-engine-setup,delta,1.0
oVirt/ovirt-ansible-hosted-engine-setup,iac,14.0
oVirt/ovirt-ansible-hosted-engine-setup,process,3.0
oVirt/ovirt-ansible-hosted-engine-setup,pdg_delta,6.0
oVirt/ovirt-ansible-hosted-engine-setup,pdg_iac,15.0
oVirt/ovirt-ansible-hosted-engine-setup,pdg_process,5.0
oVirt/ovirt-ansible-hosted-engine-setup,delta_iac,10.0
oVirt/ovirt-ansible-hosted-engine-setup,delta_process,2.0
oVirt/ovirt-ansible-hosted-engine-setup,iac_process,12.0
oVirt/ovirt-ansible-hosted-engine-setup,pdg_delta_iac,11.0
oVirt/ovirt-ansible-hosted-engine-setup,pdg_delta_process,4.0
oVirt/ovirt-ansible-hosted-engine-setup,pdg_iac_process,13.0
oVirt/ovirt-ansible-hosted-engine-setup,delta_iac_process,9.0
oVirt/ovirt-ansible-hosted-engine-setup,pdg_iac_delta_process,8.0
riemers/ansible-gitlab-runner,pdg,7.0
riemers/ansible-gitlab-runner,delta,2.0
riemers/ansible-gitlab-runner,iac,15.0
riemers/ansible-gitlab-runner,process,1.0
riemers/ansible-gitlab-runner,pdg_delta,6.0
riemers/ansible-gitlab-runner,pdg_iac,14.0
riemers/ansible-gitlab-runner,pdg_process,5.0
riemers/ansible-gitlab-runner,delta_iac,12.0
riemers/ansible-gitlab-runner,delta_process,3.0
riemers/ansible-gitlab-runner,iac_process,10.0
riemers/ansible-gitlab-runner,pdg_delta_iac,11.0
riemers/ansible-gitlab-runner,pdg_delta_process,4.0
riemers/ansible-gitlab-runner,pdg_iac_process,13.0
riemers/ansible-gitlab-runner,delta_iac_process,9.0
riemers/ansible-gitlab-runner,pdg_iac_delta_process,8.0
ansistrano/deploy,pdg,7.0
ansistrano/deploy,delta,3.0
ansistrano/deploy,iac,14.0
ansistrano/deploy,process,2.0
ansistrano/deploy,pdg_delta,6.0
ansistrano/deploy,pdg_iac,15.0
ansistrano/deploy,pdg_process,5.0
ansistrano/deploy,delta_iac,9.0
ansistrano/deploy,delta_process,1.0
ansistrano/deploy,iac_process,10.0
ansistrano/deploy,pdg_delta_iac,12.0
ansistrano/deploy,pdg_delta_process,4.0
ansistrano/deploy,pdg_iac_process,13.0
ansistrano/deploy,delta_iac_process,8.0
ansistrano/deploy,pdg_iac_delta_process,11.0
elastic/ansible-elasticsearch,pdg,12.0
elastic/ansible-elasticsearch,delta,2.0
elastic/ansible-elasticsearch,iac,15.0
elastic/ansible-elasticsearch,process,1.0
elastic/ansible-elasticsearch,pdg_delta,5.0
elastic/ansible-elasticsearch,pdg_iac,14.0
elastic/ansible-elasticsearch,pdg_process,6.0
elastic/ansible-elasticsearch,delta_iac,10.0
elastic/ansible-elasticsearch,delta_process,3.0
elastic/ansible-elasticsearch,iac_process,8.0
elastic/ansible-elasticsearch,pdg_delta_iac,13.0
elastic/ansible-elasticsearch,pdg_delta_process,7.0
elastic/ansible-elasticsearch,pdg_iac_process,9.0
elastic/ansible-elasticsearch,delta_iac_process,4.0
elastic/ansible-elasticsearch,pdg_iac_delta_process,11.0
sensu/sensu-ansible,pdg,5.0
sensu/sensu-ansible,delta,2.0
sensu/sensu-ansible,iac,15.0
sensu/sensu-ansible,process,1.0
sensu/sensu-ansible,pdg_delta,7.0
sensu/sensu-ansible,pdg_iac,14.0
sensu/sensu-ansible,pdg_process,6.0
sensu/sensu-ansible,delta_iac,10.0
sensu/sensu-ansible,delta_process,3.0
sensu/sensu-ansible,iac_process,13.0
sensu/sensu-ansible,pdg_delta_iac,8.0
sensu/sensu-ansible,pdg_delta_process,4.0
sensu/sensu-ansible,pdg_iac_process,11.0
sensu/sensu-ansible,delta_iac_process,12.0
sensu/sensu-ansible,pdg_iac_delta_process,9.0
cloudalchemy/ansible-grafana,pdg,7.0
cloudalchemy/ansible-grafana,delta,1.0
cloudalchemy/ansible-grafana,iac,14.0
cloudalchemy/ansible-grafana,process,2.0
cloudalchemy/ansible-grafana,pdg_delta,4.0
cloudalchemy/ansible-grafana,pdg_iac,15.0
cloudalchemy/ansible-grafana,pdg_process,5.0
cloudalchemy/ansible-grafana,delta_iac,13.0
cloudalchemy/ansible-grafana,delta_process,3.0
cloudalchemy/ansible-grafana,iac_process,11.0
cloudalchemy/ansible-grafana,pdg_delta_iac,9.0
cloudalchemy/ansible-grafana,pdg_delta_process,6.0
cloudalchemy/ansible-grafana,pdg_iac_process,12.0
cloudalchemy/ansible-grafana,delta_iac_process,8.0
cloudalchemy/ansible-grafana,pdg_iac_delta_process,10.0
openstack/openstack-ansible-os_nova,pdg,7.0
openstack/openstack-ansible-os_nova,delta,3.0
openstack/openstack-ansible-os_nova,iac,15.0
openstack/openstack-ansible-os_nova,process,2.0
openstack/openstack-ansible-os_nova,pdg_delta,6.0
openstack/openstack-ansible-os_nova,pdg_iac,13.0
openstack/openstack-ansible-os_nova,pdg_process,5.0
openstack/openstack-ansible-os_nova,delta_iac,11.0
openstack/openstack-ansible-os_nova,delta_process,1.0
openstack/openstack-ansible-os_nova,iac_process,10.0
openstack/openstack-ansible-os_nova,pdg_delta_iac,14.0
openstack/openstack-ansible-os_nova,pdg_delta_process,4.0
openstack/openstack-ansible-os_nova,pdg_iac_process,12.0
openstack/openstack-ansible-os_nova,delta_iac_process,9.0
openstack/openstack-ansible-os_nova,pdg_iac_delta_process,8.0
CSCfi/ansible-role-slurm,pdg,7.0
CSCfi/ansible-role-slurm,delta,2.0
CSCfi/ansible-role-slurm,iac,14.0
CSCfi/ansible-role-slurm,process,1.0
CSCfi/ansible-role-slurm,pdg_delta,6.0
CSCfi/ansible-role-slurm,pdg_iac,12.5
CSCfi/ansible-role-slurm,pdg_process,5.0
CSCfi/ansible-role-slurm,delta_iac,11.0
CSCfi/ansible-role-slurm,delta_process,3.0
CSCfi/ansible-role-slurm,iac_process,10.0
CSCfi/ansible-role-slurm,pdg_delta_iac,15.0
CSCfi/ansible-role-slurm,pdg_delta_process,4.0
CSCfi/ansible-role-slurm,pdg_iac_process,12.5
CSCfi/ansible-role-slurm,delta_iac_process,8.0
CSCfi/ansible-role-slurm,pdg_iac_delta_process,9.0
openwisp/ansible-openwisp2,pdg,7.0
openwisp/ansible-openwisp2,delta,1.0
openwisp/ansible-openwisp2,iac,15.0
openwisp/ansible-openwisp2,process,2.0
openwisp/ansible-openwisp2,pdg_delta,6.0
openwisp/ansible-openwisp2,pdg_iac,14.0
openwisp/ansible-openwisp2,pdg_process,5.0
openwisp/ansible-openwisp2,delta_iac,13.0
openwisp/ansible-openwisp2,delta_process,3.0
openwisp/ansible-openwisp2,iac_process,8.0
openwisp/ansible-openwisp2,pdg_delta_iac,12.0
openwisp/ansible-openwisp2,pdg_delta_process,4.0
openwisp/ansible-openwisp2,pdg_iac_process,11.0
openwisp/ansible-openwisp2,delta_iac_process,10.0
openwisp/ansible-openwisp2,pdg_iac_delta_process,9.0
cloudalchemy/ansible-prometheus,pdg,9.0
cloudalchemy/ansible-prometheus,delta,2.0
cloudalchemy/ansible-prometheus,iac,13.0
cloudalchemy/ansible-prometheus,process,3.0
cloudalchemy/ansible-prometheus,pdg_delta,6.0
cloudalchemy/ansible-prometheus,pdg_iac,15.0
cloudalchemy/ansible-prometheus,pdg_process,5.0
cloudalchemy/ansible-prometheus,delta_iac,8.0
cloudalchemy/ansible-prometheus,delta_process,1.0
cloudalchemy/ansible-prometheus,iac_process,10.0
cloudalchemy/ansible-prometheus,pdg_delta_iac,12.0
cloudalchemy/ansible-prometheus,pdg_delta_process,4.0
cloudalchemy/ansible-prometheus,pdg_iac_process,14.0
cloudalchemy/ansible-prometheus,delta_iac_process,7.0
cloudalchemy/ansible-prometheus,pdg_iac_delta_process,11.0
ANXS/postgresql,pdg,7.0
ANXS/postgresql,delta,1.0
ANXS/postgresql,iac,15.0
ANXS/postgresql,process,3.0
ANXS/postgresql,pdg_delta,6.0
ANXS/postgresql,pdg_iac,12.0
ANXS/postgresql,pdg_process,5.0
ANXS/postgresql,delta_iac,13.0
ANXS/postgresql,delta_process,2.0
ANXS/postgresql,iac_process,9.0
ANXS/postgresql,pdg_delta_iac,14.0
ANXS/postgresql,pdg_delta_process,4.0
ANXS/postgresql,pdg_iac_process,11.0
ANXS/postgresql,delta_iac_process,10.0
ANXS/postgresql,pdg_iac_delta_process,8.0
openstack/openstack-ansible-rabbitmq_server,pdg,7.0
openstack/openstack-ansible-rabbitmq_server,delta,3.0
openstack/openstack-ansible-rabbitmq_server,iac,15.0
openstack/openstack-ansible-rabbitmq_server,process,2.0
openstack/openstack-ansible-rabbitmq_server,pdg_delta,6.0
openstack/openstack-ansible-rabbitmq_server,pdg_iac,14.0
openstack/openstack-ansible-rabbitmq_server,pdg_process,5.0
openstack/openstack-ansible-rabbitmq_server,delta_iac,12.0
openstack/openstack-ansible-rabbitmq_server,delta_process,1.0
openstack/openstack-ansible-rabbitmq_server,iac_process,10.0
openstack/openstack-ansible-rabbitmq_server,pdg_delta_iac,13.0
openstack/openstack-ansible-rabbitmq_server,pdg_delta_process,4.0
openstack/openstack-ansible-rabbitmq_server,pdg_iac_process,11.0
openstack/openstack-ansible-rabbitmq_server,delta_iac_process,8.0
openstack/openstack-ansible-rabbitmq_server,pdg_iac_delta_process,9.0
galaxyproject/ansible-galaxy,pdg,7.0
galaxyproject/ansible-galaxy,delta,2.0
galaxyproject/ansible-galaxy,iac,10.0
galaxyproject/ansible-galaxy,process,1.0
galaxyproject/ansible-galaxy,pdg_delta,6.0
galaxyproject/ansible-galaxy,pdg_iac,15.0
galaxyproject/ansible-galaxy,pdg_process,5.0
galaxyproject/ansible-galaxy,delta_iac,9.0
galaxyproject/ansible-galaxy,delta_process,3.0
galaxyproject/ansible-galaxy,iac_process,11.0
galaxyproject/ansible-galaxy,pdg_delta_iac,14.0
galaxyproject/ansible-galaxy,pdg_delta_process,4.0
galaxyproject/ansible-galaxy,pdg_iac_process,12.0
galaxyproject/ansible-galaxy,delta_iac_process,8.0
galaxyproject/ansible-galaxy,pdg_iac_delta_process,13.0
Oefenweb/ansible-percona-server,pdg,8.0
Oefenweb/ansible-percona-server,delta,1.0
Oefenweb/ansible-percona-server,iac,15.0
Oefenweb/ansible-percona-server,process,2.0
Oefenweb/ansible-percona-server,pdg_delta,6.0
Oefenweb/ansible-percona-server,pdg_iac,10.0
Oefenweb/ansible-percona-server,pdg_process,5.0
Oefenweb/ansible-percona-server,delta_iac,12.0
Oefenweb/ansible-percona-server,delta_process,3.0
Oefenweb/ansible-percona-server,iac_process,13.5
Oefenweb/ansible-percona-server,pdg_delta_iac,7.0
Oefenweb/ansible-percona-server,pdg_delta_process,4.0
Oefenweb/ansible-percona-server,pdg_iac_process,10.0
Oefenweb/ansible-percona-server,delta_iac_process,13.5
Oefenweb/ansible-percona-server,pdg_iac_delta_process,10.0
UnderGreen/ansible-role-mongodb,pdg,4.0
UnderGreen/ansible-role-mongodb,delta,1.0
UnderGreen/ansible-role-mongodb,iac,11.0
UnderGreen/ansible-role-mongodb,process,2.0
UnderGreen/ansible-role-mongodb,pdg_delta,6.0
UnderGreen/ansible-role-mongodb,pdg_iac,15.0
UnderGreen/ansible-role-mongodb,pdg_process,5.0
UnderGreen/ansible-role-mongodb,delta_iac,12.0
UnderGreen/ansible-role-mongodb,delta_process,3.0
UnderGreen/ansible-role-mongodb,iac_process,8.0
UnderGreen/ansible-role-mongodb,pdg_delta_iac,14.0
UnderGreen/ansible-role-mongodb,pdg_delta_process,7.0
UnderGreen/ansible-role-mongodb,pdg_iac_process,13.0
UnderGreen/ansible-role-mongodb,delta_iac_process,9.0
UnderGreen/ansible-role-mongodb,pdg_iac_delta_process,10.0
ansible-community/ansible-nomad,pdg,8.0
ansible-community/ansible-nomad,delta,1.0
ansible-community/ansible-nomad,iac,12.0
ansible-community/ansible-nomad,process,3.0
ansible-community/ansible-nomad,pdg_delta,6.0
ansible-community/ansible-nomad,pdg_iac,14.0
ansible-community/ansible-nomad,pdg_process,5.0
ansible-community/ansible-nomad,delta_iac,15.0
ansible-community/ansible-nomad,delta_process,2.0
ansible-community/ansible-nomad,iac_process,13.0
ansible-community/ansible-nomad,pdg_delta_iac,11.0
ansible-community/ansible-nomad,pdg_delta_process,4.0
ansible-community/ansible-nomad,pdg_iac_process,10.0
ansible-community/ansible-nomad,delta_iac_process,9.0
ansible-community/ansible-nomad,pdg_iac_delta_process,7.0
openstack/openstack-ansible-os_neutron,pdg,13.0
openstack/openstack-ansible-os_neutron,delta,3.0
openstack/openstack-ansible-os_neutron,iac,15.0
openstack/openstack-ansible-os_neutron,process,1.0
openstack/openstack-ansible-os_neutron,pdg_delta,5.0
openstack/openstack-ansible-os_neutron,pdg_iac,12.0
openstack/openstack-ansible-os_neutron,pdg_process,6.0
openstack/openstack-ansible-os_neutron,delta_iac,10.0
openstack/openstack-ansible-os_neutron,delta_process,2.0
openstack/openstack-ansible-os_neutron,iac_process,9.0
openstack/openstack-ansible-os_neutron,pdg_delta_iac,11.0
openstack/openstack-ansible-os_neutron,pdg_delta_process,4.0
openstack/openstack-ansible-os_neutron,pdg_iac_process,14.0
openstack/openstack-ansible-os_neutron,delta_iac_process,7.0
openstack/openstack-ansible-os_neutron,pdg_iac_delta_process,8.0
AlbanAndrieu/ansible-jenkins-slave,pdg,7.0
AlbanAndrieu/ansible-jenkins-slave,delta,3.0
AlbanAndrieu/ansible-jenkins-slave,iac,15.0
AlbanAndrieu/ansible-jenkins-slave,process,1.0
AlbanAndrieu/ansible-jenkins-slave,pdg_delta,6.0
AlbanAndrieu/ansible-jenkins-slave,pdg_iac,14.0
AlbanAndrieu/ansible-jenkins-slave,pdg_process,5.0
AlbanAndrieu/ansible-jenkins-slave,delta_iac,13.0
AlbanAndrieu/ansible-jenkins-slave,delta_process,2.0
AlbanAndrieu/ansible-jenkins-slave,iac_process,10.0
AlbanAndrieu/ansible-jenkins-slave,pdg_delta_iac,12.0
AlbanAndrieu/ansible-jenkins-slave,pdg_delta_process,4.0
AlbanAndrieu/ansible-jenkins-slave,pdg_iac_process,9.0
AlbanAndrieu/ansible-jenkins-slave,delta_iac_process,8.0
AlbanAndrieu/ansible-jenkins-slave,pdg_iac_delta_process,11.0
CoffeeITWorks/ansible_burp2_server,pdg,4.0
CoffeeITWorks/ansible_burp2_server,delta,3.0
CoffeeITWorks/ansible_burp2_server,iac,13.0
CoffeeITWorks/ansible_burp2_server,process,2.0
CoffeeITWorks/ansible_burp2_server,pdg_delta,7.0
CoffeeITWorks/ansible_burp2_server,pdg_iac,13.0
CoffeeITWorks/ansible_burp2_server,pdg_process,6.0
CoffeeITWorks/ansible_burp2_server,delta_iac,13.0
CoffeeITWorks/ansible_burp2_server,delta_process,1.0
CoffeeITWorks/ansible_burp2_server,iac_process,8.5
CoffeeITWorks/ansible_burp2_server,pdg_delta_iac,13.0
CoffeeITWorks/ansible_burp2_server,pdg_delta_process,5.0
CoffeeITWorks/ansible_burp2_server,pdg_iac_process,10.0
CoffeeITWorks/ansible_burp2_server,delta_iac_process,8.5
CoffeeITWorks/ansible_burp2_server,pdg_iac_delta_process,13.0
DataDog/ansible-datadog,pdg,10.0
DataDog/ansible-datadog,delta,1.0
DataDog/ansible-datadog,iac,15.0
DataDog/ansible-datadog,process,2.0
DataDog/ansible-datadog,pdg_delta,6.0
DataDog/ansible-datadog,pdg_iac,14.0
DataDog/ansible-datadog,pdg_process,5.0
DataDog/ansible-datadog,delta_iac,12.0
DataDog/ansible-datadog,delta_process,3.0
DataDog/ansible-datadog,iac_process,8.0
DataDog/ansible-datadog,pdg_delta_iac,11.0
DataDog/ansible-datadog,pdg_delta_process,4.0
DataDog/ansible-datadog,pdg_iac_process,13.0
DataDog/ansible-datadog,delta_iac_process,7.0
DataDog/ansible-datadog,pdg_iac_delta_process,9.0
oVirt/ovirt-ansible-disaster-recovery,pdg,9.0
oVirt/ovirt-ansible-disaster-recovery,delta,2.0
oVirt/ovirt-ansible-disaster-recovery,iac,12.0
oVirt/ovirt-ansible-disaster-recovery,process,3.0
oVirt/ovirt-ansible-disaster-recovery,pdg_delta,5.0
oVirt/ovirt-ansible-disaster-recovery,pdg_iac,14.0
oVirt/ovirt-ansible-disaster-recovery,pdg_process,6.0
oVirt/ovirt-ansible-disaster-recovery,delta_iac,10.0
oVirt/ovirt-ansible-disaster-recovery,delta_process,1.0
oVirt/ovirt-ansible-disaster-recovery,iac_process,13.0
oVirt/ovirt-ansible-disaster-recovery,pdg_delta_iac,15.0
oVirt/ovirt-ansible-disaster-recovery,pdg_delta_process,4.0
oVirt/ovirt-ansible-disaster-recovery,pdg_iac_process,8.0
oVirt/ovirt-ansible-disaster-recovery,delta_iac_process,11.0
oVirt/ovirt-ansible-disaster-recovery,pdg_iac_delta_process,7.0
stackbuilders/sb-debian-base,pdg,7.0
stackbuilders/sb-debian-base,delta,3.0
stackbuilders/sb-debian-base,iac,12.5
stackbuilders/sb-debian-base,process,1.0
stackbuilders/sb-debian-base,pdg_delta,5.0
stackbuilders/sb-debian-base,pdg_iac,12.5
stackbuilders/sb-debian-base,pdg_process,6.0
stackbuilders/sb-debian-base,delta_iac,12.5
stackbuilders/sb-debian-base,delta_process,2.0
stackbuilders/sb-debian-base,iac_process,12.5
stackbuilders/sb-debian-base,pdg_delta_iac,12.5
stackbuilders/sb-debian-base,pdg_delta_process,4.0
stackbuilders/sb-debian-base,pdg_iac_process,8.5
stackbuilders/sb-debian-base,delta_iac_process,8.5
stackbuilders/sb-debian-base,pdg_iac_delta_process,12.5
evrardjp/ansible-keepalived,pdg,12.0
evrardjp/ansible-keepalived,delta,2.0
evrardjp/ansible-keepalived,iac,13.0
evrardjp/ansible-keepalived,process,3.0
evrardjp/ansible-keepalived,pdg_delta,8.0
evrardjp/ansible-keepalived,pdg_iac,14.0
evrardjp/ansible-keepalived,pdg_process,6.0
evrardjp/ansible-keepalived,delta_iac,9.5
evrardjp/ansible-keepalived,delta_process,1.0
evrardjp/ansible-keepalived,iac_process,11.0
evrardjp/ansible-keepalived,pdg_delta_iac,15.0
evrardjp/ansible-keepalived,pdg_delta_process,4.0
evrardjp/ansible-keepalived,pdg_iac_process,9.5
evrardjp/ansible-keepalived,delta_iac_process,5.0
evrardjp/ansible-keepalived,pdg_iac_delta_process,7.0
cloudalchemy/ansible-node-exporter,pdg,7.0
cloudalchemy/ansible-node-exporter,delta,1.0
cloudalchemy/ansible-node-exporter,iac,9.0
cloudalchemy/ansible-node-exporter,process,2.0
cloudalchemy/ansible-node-exporter,pdg_delta,5.0
cloudalchemy/ansible-node-exporter,pdg_iac,14.0
cloudalchemy/ansible-node-exporter,pdg_process,4.0
cloudalchemy/ansible-node-exporter,delta_iac,15.0
cloudalchemy/ansible-node-exporter,delta_process,3.0
cloudalchemy/ansible-node-exporter,iac_process,10.5
cloudalchemy/ansible-node-exporter,pdg_delta_iac,10.5
cloudalchemy/ansible-node-exporter,pdg_delta_process,6.0
cloudalchemy/ansible-node-exporter,pdg_iac_process,13.0
cloudalchemy/ansible-node-exporter,delta_iac_process,8.0
cloudalchemy/ansible-node-exporter,pdg_iac_delta_process,12.0
HanXHX/ansible-nginx,pdg,7.0
HanXHX/ansible-nginx,delta,1.0
HanXHX/ansible-nginx,iac,15.0
HanXHX/ansible-nginx,process,3.0
HanXHX/ansible-nginx,pdg_delta,4.0
HanXHX/ansible-nginx,pdg_iac,14.0
HanXHX/ansible-nginx,pdg_process,6.0
HanXHX/ansible-nginx,delta_iac,11.0
HanXHX/ansible-nginx,delta_process,2.0
HanXHX/ansible-nginx,iac_process,10.0
HanXHX/ansible-nginx,pdg_delta_iac,12.0
HanXHX/ansible-nginx,pdg_delta_process,5.0
HanXHX/ansible-nginx,pdg_iac_process,13.0
HanXHX/ansible-nginx,delta_iac_process,8.0
HanXHX/ansible-nginx,pdg_iac_delta_process,9.0
viasite-ansible/ansible-role-zsh,pdg,6.0
viasite-ansible/ansible-role-zsh,delta,1.0
viasite-ansible/ansible-role-zsh,iac,12.0
viasite-ansible/ansible-role-zsh,process,3.0
viasite-ansible/ansible-role-zsh,pdg_delta,7.0
viasite-ansible/ansible-role-zsh,pdg_iac,14.0
viasite-ansible/ansible-role-zsh,pdg_process,5.0
viasite-ansible/ansible-role-zsh,delta_iac,11.0
viasite-ansible/ansible-role-zsh,delta_process,2.0
viasite-ansible/ansible-role-zsh,iac_process,9.0
viasite-ansible/ansible-role-zsh,pdg_delta_iac,15.0
viasite-ansible/ansible-role-zsh,pdg_delta_process,4.0
viasite-ansible/ansible-role-zsh,pdg_iac_process,13.0
viasite-ansible/ansible-role-zsh,delta_iac_process,10.0
viasite-ansible/ansible-role-zsh,pdg_iac_delta_process,8.0
lae/ansible-role-proxmox,pdg,7.0
lae/ansible-role-proxmox,delta,3.0
lae/ansible-role-proxmox,iac,14.0
lae/ansible-role-proxmox,process,1.0
lae/ansible-role-proxmox,pdg_delta,6.0
lae/ansible-role-proxmox,pdg_iac,14.0
lae/ansible-role-proxmox,pdg_process,5.0
lae/ansible-role-proxmox,delta_iac,14.0
lae/ansible-role-proxmox,delta_process,2.0
lae/ansible-role-proxmox,iac_process,10.0
lae/ansible-role-proxmox,pdg_delta_iac,11.5
lae/ansible-role-proxmox,pdg_delta_process,4.0
lae/ansible-role-proxmox,pdg_iac_process,11.5
lae/ansible-role-proxmox,delta_iac_process,8.0
lae/ansible-role-proxmox,pdg_iac_delta_process,9.0
HanXHX/ansible-debian-bootstrap,pdg,7.0
HanXHX/ansible-debian-bootstrap,delta,1.0
HanXHX/ansible-debian-bootstrap,iac,8.0
HanXHX/ansible-debian-bootstrap,process,3.0
HanXHX/ansible-debian-bootstrap,pdg_delta,5.0
HanXHX/ansible-debian-bootstrap,pdg_iac,15.0
HanXHX/ansible-debian-bootstrap,pdg_process,4.0
HanXHX/ansible-debian-bootstrap,delta_iac,13.0
HanXHX/ansible-debian-bootstrap,delta_process,2.0
HanXHX/ansible-debian-bootstrap,iac_process,13.0
HanXHX/ansible-debian-bootstrap,pdg_delta_iac,11.0
HanXHX/ansible-debian-bootstrap,pdg_delta_process,6.0
HanXHX/ansible-debian-bootstrap,pdg_iac_process,9.5
HanXHX/ansible-debian-bootstrap,delta_iac_process,13.0
HanXHX/ansible-debian-bootstrap,pdg_iac_delta_process,9.5
nusenu/ansible-relayor,pdg,6.0
nusenu/ansible-relayor,delta,1.0
nusenu/ansible-relayor,iac,14.5
nusenu/ansible-relayor,process,3.0
nusenu/ansible-relayor,pdg_delta,4.0
nusenu/ansible-relayor,pdg_iac,14.5
nusenu/ansible-relayor,pdg_process,7.0
nusenu/ansible-relayor,delta_iac,9.5
nusenu/ansible-relayor,delta_process,2.0
nusenu/ansible-relayor,iac_process,13.0
nusenu/ansible-relayor,pdg_delta_iac,12.0
nusenu/ansible-relayor,pdg_delta_process,5.0
nusenu/ansible-relayor,pdg_iac_process,9.5
nusenu/ansible-relayor,delta_iac_process,9.5
nusenu/ansible-relayor,pdg_iac_delta_process,9.5
DavidWittman/ansible-redis,pdg,5.0
DavidWittman/ansible-redis,delta,1.0
DavidWittman/ansible-redis,iac,13.0
DavidWittman/ansible-redis,process,2.0
DavidWittman/ansible-redis,pdg_delta,7.0
DavidWittman/ansible-redis,pdg_iac,15.0
DavidWittman/ansible-redis,pdg_process,4.0
DavidWittman/ansible-redis,delta_iac,11.0
DavidWittman/ansible-redis,delta_process,3.0
DavidWittman/ansible-redis,iac_process,8.0
DavidWittman/ansible-redis,pdg_delta_iac,12.0
DavidWittman/ansible-redis,pdg_delta_process,6.0
DavidWittman/ansible-redis,pdg_iac_process,10.0
DavidWittman/ansible-redis,delta_iac_process,9.0
DavidWittman/ansible-redis,pdg_iac_delta_process,14.0
cloudalchemy/ansible-alertmanager,pdg,7.0
cloudalchemy/ansible-alertmanager,delta,1.0
cloudalchemy/ansible-alertmanager,iac,14.5
cloudalchemy/ansible-alertmanager,process,3.0
cloudalchemy/ansible-alertmanager,pdg_delta,5.0
cloudalchemy/ansible-alertmanager,pdg_iac,14.5
cloudalchemy/ansible-alertmanager,pdg_process,6.0
cloudalchemy/ansible-alertmanager,delta_iac,12.5
cloudalchemy/ansible-alertmanager,delta_process,2.0
cloudalchemy/ansible-alertmanager,iac_process,10.0
cloudalchemy/ansible-alertmanager,pdg_delta_iac,12.5
cloudalchemy/ansible-alertmanager,pdg_delta_process,4.0
cloudalchemy/ansible-alertmanager,pdg_iac_process,11.0
cloudalchemy/ansible-alertmanager,delta_iac_process,8.5
cloudalchemy/ansible-alertmanager,pdg_iac_delta_process,8.5
aalaesar/install_nextcloud,pdg,10.0
aalaesar/install_nextcloud,delta,3.0
aalaesar/install_nextcloud,iac,15.0
aalaesar/install_nextcloud,process,1.0
aalaesar/install_nextcloud,pdg_delta,4.0
aalaesar/install_nextcloud,pdg_iac,13.0
aalaesar/install_nextcloud,pdg_process,7.0
aalaesar/install_nextcloud,delta_iac,9.0
aalaesar/install_nextcloud,delta_process,2.0
aalaesar/install_nextcloud,iac_process,8.0
aalaesar/install_nextcloud,pdg_delta_iac,14.0
aalaesar/install_nextcloud,pdg_delta_process,5.0
aalaesar/install_nextcloud,pdg_iac_process,11.0
aalaesar/install_nextcloud,delta_iac_process,6.0
aalaesar/install_nextcloud,pdg_iac_delta_process,12.0
Oefenweb/ansible-postfix,pdg,14.0
Oefenweb/ansible-postfix,delta,1.5
Oefenweb/ansible-postfix,iac,14.0
Oefenweb/ansible-postfix,process,3.0
Oefenweb/ansible-postfix,pdg_delta,11.0
Oefenweb/ansible-postfix,pdg_iac,14.0
Oefenweb/ansible-postfix,pdg_process,6.5
Oefenweb/ansible-postfix,delta_iac,11.0
Oefenweb/ansible-postfix,delta_process,1.5
Oefenweb/ansible-postfix,iac_process,6.5
Oefenweb/ansible-postfix,pdg_delta_iac,11.0
Oefenweb/ansible-postfix,pdg_delta_process,4.0
Oefenweb/ansible-postfix,pdg_iac_process,9.0
Oefenweb/ansible-postfix,delta_iac_process,6.5
Oefenweb/ansible-postfix,pdg_iac_delta_process,6.5
caktus/tequila-django,pdg,13.0
caktus/tequila-django,delta,3.0
caktus/tequila-django,iac,14.0
caktus/tequila-django,process,1.0
caktus/tequila-django,pdg_delta,6.0
caktus/tequila-django,pdg_iac,15.0
caktus/tequila-django,pdg_process,5.0
caktus/tequila-django,delta_iac,10.0
caktus/tequila-django,delta_process,2.0
caktus/tequila-django,iac_process,10.0
caktus/tequila-django,pdg_delta_iac,10.0
caktus/tequila-django,pdg_delta_process,4.0
caktus/tequila-django,pdg_iac_process,7.0
caktus/tequila-django,delta_iac_process,10.0
caktus/tequila-django,pdg_iac_delta_process,10.0
ansible-community/ansible-vault,pdg,7.0
ansible-community/ansible-vault,delta,2.0
ansible-community/ansible-vault,iac,11.5
ansible-community/ansible-vault,process,2.0
ansible-community/ansible-vault,pdg_delta,4.5
ansible-community/ansible-vault,pdg_iac,11.5
ansible-community/ansible-vault,pdg_process,6.0
ansible-community/ansible-vault,delta_iac,11.5
ansible-community/ansible-vault,delta_process,2.0
ansible-community/ansible-vault,iac_process,11.5
ansible-community/ansible-vault,pdg_delta_iac,11.5
ansible-community/ansible-vault,pdg_delta_process,4.5
ansible-community/ansible-vault,pdg_iac_process,11.5
ansible-community/ansible-vault,delta_iac_process,11.5
ansible-community/ansible-vault,pdg_iac_delta_process,11.5
florianutz/Ubuntu1804-CIS,pdg,15.0
florianutz/Ubuntu1804-CIS,delta,1.0
florianutz/Ubuntu1804-CIS,iac,14.0
florianutz/Ubuntu1804-CIS,process,2.0
florianutz/Ubuntu1804-CIS,pdg_delta,7.0
florianutz/Ubuntu1804-CIS,pdg_iac,13.0
florianutz/Ubuntu1804-CIS,pdg_process,5.0
florianutz/Ubuntu1804-CIS,delta_iac,10.0
florianutz/Ubuntu1804-CIS,delta_process,3.0
florianutz/Ubuntu1804-CIS,iac_process,6.0
florianutz/Ubuntu1804-CIS,pdg_delta_iac,12.0
florianutz/Ubuntu1804-CIS,pdg_delta_process,4.0
florianutz/Ubuntu1804-CIS,pdg_iac_process,11.0
florianutz/Ubuntu1804-CIS,delta_iac_process,9.0
florianutz/Ubuntu1804-CIS,pdg_iac_delta_process,8.0
dj-wasabi/ansible-telegraf,pdg,13.0
dj-wasabi/ansible-telegraf,delta,1.0
dj-wasabi/ansible-telegraf,iac,8.0
dj-wasabi/ansible-telegraf,process,2.0
dj-wasabi/ansible-telegraf,pdg_delta,10.0
dj-wasabi/ansible-telegraf,pdg_iac,11.0
dj-wasabi/ansible-telegraf,pdg_process,6.0
dj-wasabi/ansible-telegraf,delta_iac,9.0
dj-wasabi/ansible-telegraf,delta_process,3.0
dj-wasabi/ansible-telegraf,iac_process,5.0
dj-wasabi/ansible-telegraf,pdg_delta_iac,14.0
dj-wasabi/ansible-telegraf,pdg_delta_process,7.0
dj-wasabi/ansible-telegraf,pdg_iac_process,15.0
dj-wasabi/ansible-telegraf,delta_iac_process,4.0
dj-wasabi/ansible-telegraf,pdg_iac_delta_process,12.0
rvm/rvm1-ansible,pdg,6.0
rvm/rvm1-ansible,delta,2.0
rvm/rvm1-ansible,iac,14.5
rvm/rvm1-ansible,process,3.0
rvm/rvm1-ansible,pdg_delta,7.0
rvm/rvm1-ansible,pdg_iac,14.5
rvm/rvm1-ansible,pdg_process,5.0
rvm/rvm1-ansible,delta_iac,11.0
rvm/rvm1-ansible,delta_process,1.0
rvm/rvm1-ansible,iac_process,11.0
rvm/rvm1-ansible,pdg_delta_iac,11.0
rvm/rvm1-ansible,pdg_delta_process,4.0
rvm/rvm1-ansible,pdg_iac_process,11.0
rvm/rvm1-ansible,delta_iac_process,11.0
rvm/rvm1-ansible,pdg_iac_delta_process,8.0
cloudalchemy/ansible-blackbox-exporter,pdg,9.5
cloudalchemy/ansible-blackbox-exporter,delta,2.0
cloudalchemy/ansible-blackbox-exporter,iac,9.5
cloudalchemy/ansible-blackbox-exporter,process,1.0
cloudalchemy/ansible-blackbox-exporter,pdg_delta,9.5
cloudalchemy/ansible-blackbox-exporter,pdg_iac,9.5
cloudalchemy/ansible-blackbox-exporter,pdg_process,9.5
cloudalchemy/ansible-blackbox-exporter,delta_iac,9.5
cloudalchemy/ansible-blackbox-exporter,delta_process,3.0
cloudalchemy/ansible-blackbox-exporter,iac_process,9.5
cloudalchemy/ansible-blackbox-exporter,pdg_delta_iac,9.5
cloudalchemy/ansible-blackbox-exporter,pdg_delta_process,9.5
cloudalchemy/ansible-blackbox-exporter,pdg_iac_process,9.5
cloudalchemy/ansible-blackbox-exporter,delta_iac_process,9.5
cloudalchemy/ansible-blackbox-exporter,pdg_iac_delta_process,9.5
tulibraries/ansible-role-airflow,pdg,3.0
tulibraries/ansible-role-airflow,delta,1.0
tulibraries/ansible-role-airflow,iac,13.5
tulibraries/ansible-role-airflow,process,6.0
tulibraries/ansible-role-airflow,pdg_delta,2.0
tulibraries/ansible-role-airflow,pdg_iac,13.5
tulibraries/ansible-role-airflow,pdg_process,7.0
tulibraries/ansible-role-airflow,delta_iac,13.5
tulibraries/ansible-role-airflow,delta_process,5.0
tulibraries/ansible-role-airflow,iac_process,10.0
tulibraries/ansible-role-airflow,pdg_delta_iac,13.5
tulibraries/ansible-role-airflow,pdg_delta_process,4.0
tulibraries/ansible-role-airflow,pdg_iac_process,10.0
tulibraries/ansible-role-airflow,delta_iac_process,10.0
tulibraries/ansible-role-airflow,pdg_iac_delta_process,8.0
idealista/mysql_role,pdg,9.5
idealista/mysql_role,delta,1.5
idealista/mysql_role,iac,9.5
idealista/mysql_role,process,3.0
idealista/mysql_role,pdg_delta,9.5
idealista/mysql_role,pdg_iac,9.5
idealista/mysql_role,pdg_process,9.5
idealista/mysql_role,delta_iac,9.5
idealista/mysql_role,delta_process,1.5
idealista/mysql_role,iac_process,9.5
idealista/mysql_role,pdg_delta_iac,9.5
idealista/mysql_role,pdg_delta_process,9.5
idealista/mysql_role,pdg_iac_process,9.5
idealista/mysql_role,delta_iac_process,9.5
idealista/mysql_role,pdg_iac_delta_process,9.5
Graylog2/graylog-ansible-role,pdg,6.0
Graylog2/graylog-ansible-role,delta,1.0
Graylog2/graylog-ansible-role,iac,14.0
Graylog2/graylog-ansible-role,process,3.0
Graylog2/graylog-ansible-role,pdg_delta,5.0
Graylog2/graylog-ansible-role,pdg_iac,15.0
Graylog2/graylog-ansible-role,pdg_process,2.0
Graylog2/graylog-ansible-role,delta_iac,12.5
Graylog2/graylog-ansible-role,delta_process,4.0
Graylog2/graylog-ansible-role,iac_process,9.0
Graylog2/graylog-ansible-role,pdg_delta_iac,12.5
Graylog2/graylog-ansible-role,pdg_delta_process,7.0
Graylog2/graylog-ansible-role,pdg_iac_process,11.0
Graylog2/graylog-ansible-role,delta_iac_process,8.0
Graylog2/graylog-ansible-role,pdg_iac_delta_process,10.0
mrlesmithjr/ansible-netdata,pdg,15.0
mrlesmithjr/ansible-netdata,delta,3.0
mrlesmithjr/ansible-netdata,iac,12.0
mrlesmithjr/ansible-netdata,process,1.5
mrlesmithjr/ansible-netdata,pdg_delta,7.0
mrlesmithjr/ansible-netdata,pdg_iac,12.0
mrlesmithjr/ansible-netdata,pdg_process,9.0
mrlesmithjr/ansible-netdata,delta_iac,12.0
mrlesmithjr/ansible-netdata,delta_process,1.5
mrlesmithjr/ansible-netdata,iac_process,14.0
mrlesmithjr/ansible-netdata,pdg_delta_iac,5.5
mrlesmithjr/ansible-netdata,pdg_delta_process,8.0
mrlesmithjr/ansible-netdata,pdg_iac_process,10.0
mrlesmithjr/ansible-netdata,delta_iac_process,5.5
mrlesmithjr/ansible-netdata,pdg_iac_delta_process,4.0
willshersystems/ansible-sshd,pdg,13.5
willshersystems/ansible-sshd,delta,2.5
willshersystems/ansible-sshd,iac,7.0
willshersystems/ansible-sshd,process,1.0
willshersystems/ansible-sshd,pdg_delta,13.5
willshersystems/ansible-sshd,pdg_iac,9.5
willshersystems/ansible-sshd,pdg_process,13.5
willshersystems/ansible-sshd,delta_iac,5.0
willshersystems/ansible-sshd,delta_process,2.5
willshersystems/ansible-sshd,iac_process,5.0
willshersystems/ansible-sshd,pdg_delta_iac,9.5
willshersystems/ansible-sshd,pdg_delta_process,13.5
willshersystems/ansible-sshd,pdg_iac_process,9.5
willshersystems/ansible-sshd,delta_iac_process,5.0
willshersystems/ansible-sshd,pdg_iac_delta_process,9.5
idealista/consul_role,pdg,10.5
idealista/consul_role,delta,1.0
idealista/consul_role,iac,10.5
idealista/consul_role,process,3.0
idealista/consul_role,pdg_delta,10.5
idealista/consul_role,pdg_iac,10.5
idealista/consul_role,pdg_process,4.5
idealista/consul_role,delta_iac,10.5
idealista/consul_role,delta_process,2.0
idealista/consul_role,iac_process,10.5
idealista/consul_role,pdg_delta_iac,10.5
idealista/consul_role,pdg_delta_process,4.5
idealista/consul_role,pdg_iac_process,10.5
idealista/consul_role,delta_iac_process,10.5
idealista/consul_role,pdg_iac_delta_process,10.5
ansible-lockdown/RHEL7-STIG,pdg,7.0
ansible-lockdown/RHEL7-STIG,delta,1.0
ansible-lockdown/RHEL7-STIG,iac,13.5
ansible-lockdown/RHEL7-STIG,process,2.0
ansible-lockdown/RHEL7-STIG,pdg_delta,8.0
ansible-lockdown/RHEL7-STIG,pdg_iac,13.5
ansible-lockdown/RHEL7-STIG,pdg_process,9.5
ansible-lockdown/RHEL7-STIG,delta_iac,13.5
ansible-lockdown/RHEL7-STIG,delta_process,3.5
ansible-lockdown/RHEL7-STIG,iac_process,11.0
ansible-lockdown/RHEL7-STIG,pdg_delta_iac,13.5
ansible-lockdown/RHEL7-STIG,pdg_delta_process,3.5
ansible-lockdown/RHEL7-STIG,pdg_iac_process,9.5
ansible-lockdown/RHEL7-STIG,delta_iac_process,5.5
ansible-lockdown/RHEL7-STIG,pdg_iac_delta_process,5.5
stone-payments/ansible-rabbitmq,pdg,9.5
stone-payments/ansible-rabbitmq,delta,2.0
stone-payments/ansible-rabbitmq,iac,9.5
stone-payments/ansible-rabbitmq,process,2.0
stone-payments/ansible-rabbitmq,pdg_delta,9.5
stone-payments/ansible-rabbitmq,pdg_iac,9.5
stone-payments/ansible-rabbitmq,pdg_process,9.5
stone-payments/ansible-rabbitmq,delta_iac,9.5
stone-payments/ansible-rabbitmq,delta_process,2.0
stone-payments/ansible-rabbitmq,iac_process,9.5
stone-payments/ansible-rabbitmq,pdg_delta_iac,9.5
stone-payments/ansible-rabbitmq,pdg_delta_process,9.5
stone-payments/ansible-rabbitmq,pdg_iac_process,9.5
stone-payments/ansible-rabbitmq,delta_iac_process,9.5
stone-payments/ansible-rabbitmq,pdg_iac_delta_process,9.5
naftulikay/ansible-role-degoss,pdg,7.0
naftulikay/ansible-role-degoss,delta,1.0
naftulikay/ansible-role-degoss,iac,12.5
naftulikay/ansible-role-degoss,process,3.0
naftulikay/ansible-role-degoss,pdg_delta,5.0
naftulikay/ansible-role-degoss,pdg_iac,12.5
naftulikay/ansible-role-degoss,pdg_process,6.0
naftulikay/ansible-role-degoss,delta_iac,12.5
naftulikay/ansible-role-degoss,delta_process,2.0
naftulikay/ansible-role-degoss,iac_process,9.0
naftulikay/ansible-role-degoss,pdg_delta_iac,12.5
naftulikay/ansible-role-degoss,pdg_delta_process,4.0
naftulikay/ansible-role-degoss,pdg_iac_process,10.0
naftulikay/ansible-role-degoss,delta_iac_process,15.0
naftulikay/ansible-role-degoss,pdg_iac_delta_process,8.0
CSCfi/ansible-role-users,pdg,9.5
CSCfi/ansible-role-users,delta,1.0
CSCfi/ansible-role-users,iac,9.5
CSCfi/ansible-role-users,process,3.0
CSCfi/ansible-role-users,pdg_delta,9.5
CSCfi/ansible-role-users,pdg_iac,9.5
CSCfi/ansible-role-users,pdg_process,9.5
CSCfi/ansible-role-users,delta_iac,9.5
CSCfi/ansible-role-users,delta_process,2.0
CSCfi/ansible-role-users,iac_process,9.5
CSCfi/ansible-role-users,pdg_delta_iac,9.5
CSCfi/ansible-role-users,pdg_delta_process,9.5
CSCfi/ansible-role-users,pdg_iac_process,9.5
CSCfi/ansible-role-users,delta_iac_process,9.5
CSCfi/ansible-role-users,pdg_iac_delta_process,9.5
mrlesmithjr/ansible-manage-lvm,pdg,5.0
mrlesmithjr/ansible-manage-lvm,delta,7.0
mrlesmithjr/ansible-manage-lvm,iac,14.0
mrlesmithjr/ansible-manage-lvm,process,1.0
mrlesmithjr/ansible-manage-lvm,pdg_delta,3.0
mrlesmithjr/ansible-manage-lvm,pdg_iac,15.0
mrlesmithjr/ansible-manage-lvm,pdg_process,4.0
mrlesmithjr/ansible-manage-lvm,delta_iac,11.0
mrlesmithjr/ansible-manage-lvm,delta_process,6.0
mrlesmithjr/ansible-manage-lvm,iac_process,12.0
mrlesmithjr/ansible-manage-lvm,pdg_delta_iac,9.0
mrlesmithjr/ansible-manage-lvm,pdg_delta_process,2.0
mrlesmithjr/ansible-manage-lvm,pdg_iac_process,13.0
mrlesmithjr/ansible-manage-lvm,delta_iac_process,8.0
mrlesmithjr/ansible-manage-lvm,pdg_iac_delta_process,10.0
cloudalchemy/ansible-pushgateway,pdg,12.5
cloudalchemy/ansible-pushgateway,delta,1.0
cloudalchemy/ansible-pushgateway,iac,12.5
cloudalchemy/ansible-pushgateway,process,3.0
cloudalchemy/ansible-pushgateway,pdg_delta,12.5
cloudalchemy/ansible-pushgateway,pdg_iac,12.5
cloudalchemy/ansible-pushgateway,pdg_process,6.5
cloudalchemy/ansible-pushgateway,delta_iac,12.5
cloudalchemy/ansible-pushgateway,delta_process,2.0
cloudalchemy/ansible-pushgateway,iac_process,6.5
cloudalchemy/ansible-pushgateway,pdg_delta_iac,12.5
cloudalchemy/ansible-pushgateway,pdg_delta_process,6.5
cloudalchemy/ansible-pushgateway,pdg_iac_process,6.5
cloudalchemy/ansible-pushgateway,delta_iac_process,6.5
cloudalchemy/ansible-pushgateway,pdg_iac_delta_process,6.5
antoiner77/caddy-ansible,pdg,10.0
antoiner77/caddy-ansible,delta,1.0
antoiner77/caddy-ansible,iac,11.0
antoiner77/caddy-ansible,process,3.0
antoiner77/caddy-ansible,pdg_delta,6.0
antoiner77/caddy-ansible,pdg_iac,13.0
antoiner77/caddy-ansible,pdg_process,4.0
antoiner77/caddy-ansible,delta_iac,8.0
antoiner77/caddy-ansible,delta_process,2.0
antoiner77/caddy-ansible,iac_process,7.0
antoiner77/caddy-ansible,pdg_delta_iac,15.0
antoiner77/caddy-ansible,pdg_delta_process,5.0
antoiner77/caddy-ansible,pdg_iac_process,14.0
antoiner77/caddy-ansible,delta_iac_process,9.0
antoiner77/caddy-ansible,pdg_iac_delta_process,12.0
idealista/nexus-role,pdg,5.5
idealista/nexus-role,delta,2.0
idealista/nexus-role,iac,11.5
idealista/nexus-role,process,2.0
idealista/nexus-role,pdg_delta,5.5
idealista/nexus-role,pdg_iac,11.5
idealista/nexus-role,pdg_process,5.5
idealista/nexus-role,delta_iac,11.5
idealista/nexus-role,delta_process,2.0
idealista/nexus-role,iac_process,11.5
idealista/nexus-role,pdg_delta_iac,11.5
idealista/nexus-role,pdg_delta_process,5.5
idealista/nexus-role,pdg_iac_process,11.5
idealista/nexus-role,delta_iac_process,11.5
idealista/nexus-role,pdg_iac_delta_process,11.5
Oefenweb/ansible-supervisor,pdg,9.5
Oefenweb/ansible-supervisor,delta,3.0
Oefenweb/ansible-supervisor,iac,14.0
Oefenweb/ansible-supervisor,process,2.0
Oefenweb/ansible-supervisor,pdg_delta,6.0
Oefenweb/ansible-supervisor,pdg_iac,15.0
Oefenweb/ansible-supervisor,pdg_process,4.5
Oefenweb/ansible-supervisor,delta_iac,9.5
Oefenweb/ansible-supervisor,delta_process,1.0
Oefenweb/ansible-supervisor,iac_process,9.5
Oefenweb/ansible-supervisor,pdg_delta_iac,13.0
Oefenweb/ansible-supervisor,pdg_delta_process,4.5
Oefenweb/ansible-supervisor,pdg_iac_process,9.5
Oefenweb/ansible-supervisor,delta_iac_process,9.5
Oefenweb/ansible-supervisor,pdg_iac_delta_process,9.5
kibatic/ansible-traefik,pdg,6.0
kibatic/ansible-traefik,delta,2.0
kibatic/ansible-traefik,iac,10.5
kibatic/ansible-traefik,process,2.0
kibatic/ansible-traefik,pdg_delta,5.0
kibatic/ansible-traefik,pdg_iac,10.5
kibatic/ansible-traefik,pdg_process,7.0
kibatic/ansible-traefik,delta_iac,8.0
kibatic/ansible-traefik,delta_process,2.0
kibatic/ansible-traefik,iac_process,12.5
kibatic/ansible-traefik,pdg_delta_iac,9.0
kibatic/ansible-traefik,pdg_delta_process,4.0
kibatic/ansible-traefik,pdg_iac_process,14.5
kibatic/ansible-traefik,delta_iac_process,14.5
kibatic/ansible-traefik,pdg_iac_delta_process,12.5
arillso/ansible.logrotate,pdg,2.5
arillso/ansible.logrotate,delta,1.0
arillso/ansible.logrotate,iac,14.0
arillso/ansible.logrotate,process,7.0
arillso/ansible.logrotate,pdg_delta,2.5
arillso/ansible.logrotate,pdg_iac,15.0
arillso/ansible.logrotate,pdg_process,4.5
arillso/ansible.logrotate,delta_iac,9.5
arillso/ansible.logrotate,delta_process,6.0
arillso/ansible.logrotate,iac_process,12.0
arillso/ansible.logrotate,pdg_delta_iac,9.5
arillso/ansible.logrotate,pdg_delta_process,4.5
arillso/ansible.logrotate,pdg_iac_process,12.0
arillso/ansible.logrotate,delta_iac_process,12.0
arillso/ansible.logrotate,pdg_iac_delta_process,8.0
m4rcu5nl/ansible-role-zerotier,pdg,12.5
m4rcu5nl/ansible-role-zerotier,delta,1.0
m4rcu5nl/ansible-role-zerotier,iac,12.5
m4rcu5nl/ansible-role-zerotier,process,6.5
m4rcu5nl/ansible-role-zerotier,pdg_delta,6.5
m4rcu5nl/ansible-role-zerotier,pdg_iac,12.5
m4rcu5nl/ansible-role-zerotier,pdg_process,6.5
m4rcu5nl/ansible-role-zerotier,delta_iac,12.5
m4rcu5nl/ansible-role-zerotier,delta_process,2.5
m4rcu5nl/ansible-role-zerotier,iac_process,6.5
m4rcu5nl/ansible-role-zerotier,pdg_delta_iac,12.5
m4rcu5nl/ansible-role-zerotier,pdg_delta_process,2.5
m4rcu5nl/ansible-role-zerotier,pdg_iac_process,12.5
m4rcu5nl/ansible-role-zerotier,delta_iac_process,6.5
m4rcu5nl/ansible-role-zerotier,pdg_iac_delta_process,6.5
fgci-org/ansible-role-cuda,pdg,7.0
fgci-org/ansible-role-cuda,delta,4.0
fgci-org/ansible-role-cuda,iac,15.0
fgci-org/ansible-role-cuda,process,2.5
fgci-org/ansible-role-cuda,pdg_delta,1.0
fgci-org/ansible-role-cuda,pdg_iac,11.0
fgci-org/ansible-role-cuda,pdg_process,6.0
fgci-org/ansible-role-cuda,delta_iac,11.0
fgci-org/ansible-role-cuda,delta_process,2.5
fgci-org/ansible-role-cuda,iac_process,11.0
fgci-org/ansible-role-cuda,pdg_delta_iac,11.0
fgci-org/ansible-role-cuda,pdg_delta_process,5.0
fgci-org/ansible-role-cuda,pdg_iac_process,11.0
fgci-org/ansible-role-cuda,delta_iac_process,11.0
fgci-org/ansible-role-cuda,pdg_iac_delta_process,11.0
dokku/ansible-dokku,pdg,14.5
dokku/ansible-dokku,delta,2.0
dokku/ansible-dokku,iac,9.5
dokku/ansible-dokku,process,3.0
dokku/ansible-dokku,pdg_delta,14.5
dokku/ansible-dokku,pdg_iac,9.5
dokku/ansible-dokku,pdg_process,9.5
dokku/ansible-dokku,delta_iac,9.5
dokku/ansible-dokku,delta_process,1.0
dokku/ansible-dokku,iac_process,9.5
dokku/ansible-dokku,pdg_delta_iac,9.5
dokku/ansible-dokku,pdg_delta_process,4.0
dokku/ansible-dokku,pdg_iac_process,9.5
dokku/ansible-dokku,delta_iac_process,5.0
dokku/ansible-dokku,pdg_iac_delta_process,9.5
linux-system-roles/storage,pdg,3.0
linux-system-roles/storage,delta,3.0
linux-system-roles/storage,iac,13.5
linux-system-roles/storage,process,3.0
linux-system-roles/storage,pdg_delta,3.0
linux-system-roles/storage,pdg_iac,13.5
linux-system-roles/storage,pdg_process,6.5
linux-system-roles/storage,delta_iac,13.5
linux-system-roles/storage,delta_process,6.5
linux-system-roles/storage,iac_process,10.0
linux-system-roles/storage,pdg_delta_iac,13.5
linux-system-roles/storage,pdg_delta_process,3.0
linux-system-roles/storage,pdg_iac_process,10.0
linux-system-roles/storage,delta_iac_process,10.0
linux-system-roles/storage,pdg_iac_delta_process,8.0
florianutz/Ubuntu1604-CIS,pdg,9.5
florianutz/Ubuntu1604-CIS,delta,3.0
florianutz/Ubuntu1604-CIS,iac,9.5
florianutz/Ubuntu1604-CIS,process,2.0
florianutz/Ubuntu1604-CIS,pdg_delta,9.5
florianutz/Ubuntu1604-CIS,pdg_iac,9.5
florianutz/Ubuntu1604-CIS,pdg_process,9.5
florianutz/Ubuntu1604-CIS,delta_iac,5.0
florianutz/Ubuntu1604-CIS,delta_process,1.0
florianutz/Ubuntu1604-CIS,iac_process,14.5
florianutz/Ubuntu1604-CIS,pdg_delta_iac,9.5
florianutz/Ubuntu1604-CIS,pdg_delta_process,9.5
florianutz/Ubuntu1604-CIS,pdg_iac_process,14.5
florianutz/Ubuntu1604-CIS,delta_iac_process,4.0
florianutz/Ubuntu1604-CIS,pdg_iac_delta_process,9.5
idealista/java_role,pdg,12.0
idealista/java_role,delta,1.0
idealista/java_role,iac,12.0
idealista/java_role,process,3.0
idealista/java_role,pdg_delta,15.0
idealista/java_role,pdg_iac,12.0
idealista/java_role,pdg_process,6.0
idealista/java_role,delta_iac,12.0
idealista/java_role,delta_process,2.0
idealista/java_role,iac_process,8.0
idealista/java_role,pdg_delta_iac,5.0
idealista/java_role,pdg_delta_process,4.0
idealista/java_role,pdg_iac_process,12.0
idealista/java_role,delta_iac_process,8.0
idealista/java_role,pdg_iac_delta_process,8.0
diodonfrost/ansible-role-mariadb,pdg,9.5
diodonfrost/ansible-role-mariadb,delta,2.0
diodonfrost/ansible-role-mariadb,iac,9.5
diodonfrost/ansible-role-mariadb,process,2.0
diodonfrost/ansible-role-mariadb,pdg_delta,9.5
diodonfrost/ansible-role-mariadb,pdg_iac,9.5
diodonfrost/ansible-role-mariadb,pdg_process,9.5
diodonfrost/ansible-role-mariadb,delta_iac,9.5
diodonfrost/ansible-role-mariadb,delta_process,2.0
diodonfrost/ansible-role-mariadb,iac_process,9.5
diodonfrost/ansible-role-mariadb,pdg_delta_iac,9.5
diodonfrost/ansible-role-mariadb,pdg_delta_process,9.5
diodonfrost/ansible-role-mariadb,pdg_iac_process,9.5
diodonfrost/ansible-role-mariadb,delta_iac_process,9.5
diodonfrost/ansible-role-mariadb,pdg_iac_delta_process,9.5
newrelic/infrastructure-agent-ansible,pdg,14.0
newrelic/infrastructure-agent-ansible,delta,1.0
newrelic/infrastructure-agent-ansible,iac,10.5
newrelic/infrastructure-agent-ansible,process,2.0
newrelic/infrastructure-agent-ansible,pdg_delta,7.0
newrelic/infrastructure-agent-ansible,pdg_iac,14.0
newrelic/infrastructure-agent-ansible,pdg_process,5.0
newrelic/infrastructure-agent-ansible,delta_iac,7.0
newrelic/infrastructure-agent-ansible,delta_process,3.0
newrelic/infrastructure-agent-ansible,iac_process,7.0
newrelic/infrastructure-agent-ansible,pdg_delta_iac,14.0
newrelic/infrastructure-agent-ansible,pdg_delta_process,4.0
newrelic/infrastructure-agent-ansible,pdg_iac_process,10.5
newrelic/infrastructure-agent-ansible,delta_iac_process,10.5
newrelic/infrastructure-agent-ansible,pdg_iac_delta_process,10.5
elastic/ansible-beats,pdg,7.0
elastic/ansible-beats,delta,2.5
elastic/ansible-beats,iac,11.5
elastic/ansible-beats,process,2.5
elastic/ansible-beats,pdg_delta,5.0
elastic/ansible-beats,pdg_iac,11.5
elastic/ansible-beats,pdg_process,5.0
elastic/ansible-beats,delta_iac,11.5
elastic/ansible-beats,delta_process,1.0
elastic/ansible-beats,iac_process,11.5
elastic/ansible-beats,pdg_delta_iac,11.5
elastic/ansible-beats,pdg_delta_process,5.0
elastic/ansible-beats,pdg_iac_process,11.5
elastic/ansible-beats,delta_iac_process,11.5
elastic/ansible-beats,pdg_iac_delta_process,11.5
wcm-io-devops/ansible-conga-ansible-controlhost,pdg,7.0
wcm-io-devops/ansible-conga-ansible-controlhost,delta,2.0
wcm-io-devops/ansible-conga-ansible-controlhost,iac,7.0
wcm-io-devops/ansible-conga-ansible-controlhost,process,2.0
wcm-io-devops/ansible-conga-ansible-controlhost,pdg_delta,7.0
wcm-io-devops/ansible-conga-ansible-controlhost,pdg_iac,13.0
wcm-io-devops/ansible-conga-ansible-controlhost,pdg_process,7.0
wcm-io-devops/ansible-conga-ansible-controlhost,delta_iac,13.0
wcm-io-devops/ansible-conga-ansible-controlhost,delta_process,2.0
wcm-io-devops/ansible-conga-ansible-controlhost,iac_process,13.0
wcm-io-devops/ansible-conga-ansible-controlhost,pdg_delta_iac,13.0
wcm-io-devops/ansible-conga-ansible-controlhost,pdg_delta_process,7.0
wcm-io-devops/ansible-conga-ansible-controlhost,pdg_iac_process,7.0
wcm-io-devops/ansible-conga-ansible-controlhost,delta_iac_process,13.0
wcm-io-devops/ansible-conga-ansible-controlhost,pdg_iac_delta_process,7.0
stackhpc/ansible-role-os-images,pdg,9.5
stackhpc/ansible-role-os-images,delta,1.5
stackhpc/ansible-role-os-images,iac,9.5
stackhpc/ansible-role-os-images,process,1.5
stackhpc/ansible-role-os-images,pdg_delta,9.5
stackhpc/ansible-role-os-images,pdg_iac,9.5
stackhpc/ansible-role-os-images,pdg_process,9.5
stackhpc/ansible-role-os-images,delta_iac,9.5
stackhpc/ansible-role-os-images,delta_process,3.0
stackhpc/ansible-role-os-images,iac_process,9.5
stackhpc/ansible-role-os-images,pdg_delta_iac,9.5
stackhpc/ansible-role-os-images,pdg_delta_process,9.5
stackhpc/ansible-role-os-images,pdg_iac_process,9.5
stackhpc/ansible-role-os-images,delta_iac_process,9.5
stackhpc/ansible-role-os-images,pdg_iac_delta_process,9.5
infOpen/ansible-role-docker,pdg,5.5
infOpen/ansible-role-docker,delta,5.5
infOpen/ansible-role-docker,iac,14.5
infOpen/ansible-role-docker,process,5.5
infOpen/ansible-role-docker,pdg_delta,5.5
infOpen/ansible-role-docker,pdg_iac,14.5
infOpen/ansible-role-docker,pdg_process,5.5
infOpen/ansible-role-docker,delta_iac,5.5
infOpen/ansible-role-docker,delta_process,5.5
infOpen/ansible-role-docker,iac_process,12.0
infOpen/ansible-role-docker,pdg_delta_iac,5.5
infOpen/ansible-role-docker,pdg_delta_process,11.0
infOpen/ansible-role-docker,pdg_iac_process,13.0
infOpen/ansible-role-docker,delta_iac_process,5.5
infOpen/ansible-role-docker,pdg_iac_delta_process,5.5
stackhpc/ansible-role-libvirt-vm,pdg,10.0
stackhpc/ansible-role-libvirt-vm,delta,5.0
stackhpc/ansible-role-libvirt-vm,iac,14.5
stackhpc/ansible-role-libvirt-vm,process,5.0
stackhpc/ansible-role-libvirt-vm,pdg_delta,5.0
stackhpc/ansible-role-libvirt-vm,pdg_iac,14.5
stackhpc/ansible-role-libvirt-vm,pdg_process,5.0
stackhpc/ansible-role-libvirt-vm,delta_iac,12.0
stackhpc/ansible-role-libvirt-vm,delta_process,5.0
stackhpc/ansible-role-libvirt-vm,iac_process,5.0
stackhpc/ansible-role-libvirt-vm,pdg_delta_iac,12.0
stackhpc/ansible-role-libvirt-vm,pdg_delta_process,5.0
stackhpc/ansible-role-libvirt-vm,pdg_iac_process,5.0
stackhpc/ansible-role-libvirt-vm,delta_iac_process,12.0
stackhpc/ansible-role-libvirt-vm,pdg_iac_delta_process,5.0
nwoetzel/ansible-role-eclipse,pdg,5.5
nwoetzel/ansible-role-eclipse,delta,1.0
nwoetzel/ansible-role-eclipse,iac,11.5
nwoetzel/ansible-role-eclipse,process,2.5
nwoetzel/ansible-role-eclipse,pdg_delta,5.5
nwoetzel/ansible-role-eclipse,pdg_iac,11.5
nwoetzel/ansible-role-eclipse,pdg_process,5.5
nwoetzel/ansible-role-eclipse,delta_iac,11.5
nwoetzel/ansible-role-eclipse,delta_process,2.5
nwoetzel/ansible-role-eclipse,iac_process,11.5
nwoetzel/ansible-role-eclipse,pdg_delta_iac,11.5
nwoetzel/ansible-role-eclipse,pdg_delta_process,5.5
nwoetzel/ansible-role-eclipse,pdg_iac_process,11.5
nwoetzel/ansible-role-eclipse,delta_iac_process,11.5
nwoetzel/ansible-role-eclipse,pdg_iac_delta_process,11.5
mimacom/ansible-role-bamboo,pdg,10.5
mimacom/ansible-role-bamboo,delta,2.0
mimacom/ansible-role-bamboo,iac,10.5
mimacom/ansible-role-bamboo,process,2.0
mimacom/ansible-role-bamboo,pdg_delta,10.5
mimacom/ansible-role-bamboo,pdg_iac,10.5
mimacom/ansible-role-bamboo,pdg_process,4.5
mimacom/ansible-role-bamboo,delta_iac,10.5
mimacom/ansible-role-bamboo,delta_process,2.0
mimacom/ansible-role-bamboo,iac_process,10.5
mimacom/ansible-role-bamboo,pdg_delta_iac,10.5
mimacom/ansible-role-bamboo,pdg_delta_process,4.5
mimacom/ansible-role-bamboo,pdg_iac_process,10.5
mimacom/ansible-role-bamboo,delta_iac_process,10.5
mimacom/ansible-role-bamboo,pdg_iac_delta_process,10.5
AlexeySetevoi/ansible-clickhouse,pdg,9.5
AlexeySetevoi/ansible-clickhouse,delta,2.0
AlexeySetevoi/ansible-clickhouse,iac,9.5
AlexeySetevoi/ansible-clickhouse,process,2.0
AlexeySetevoi/ansible-clickhouse,pdg_delta,9.5
AlexeySetevoi/ansible-clickhouse,pdg_iac,9.5
AlexeySetevoi/ansible-clickhouse,pdg_process,9.5
AlexeySetevoi/ansible-clickhouse,delta_iac,9.5
AlexeySetevoi/ansible-clickhouse,delta_process,2.0
AlexeySetevoi/ansible-clickhouse,iac_process,9.5
AlexeySetevoi/ansible-clickhouse,pdg_delta_iac,9.5
AlexeySetevoi/ansible-clickhouse,pdg_delta_process,9.5
AlexeySetevoi/ansible-clickhouse,pdg_iac_process,9.5
AlexeySetevoi/ansible-clickhouse,delta_iac_process,9.5
AlexeySetevoi/ansible-clickhouse,pdg_iac_delta_process,9.5
hadret/ansible-role-containers,pdg,1.0
hadret/ansible-role-containers,delta,3.0
hadret/ansible-role-containers,iac,9.0
hadret/ansible-role-containers,process,3.0
hadret/ansible-role-containers,pdg_delta,5.5
hadret/ansible-role-containers,pdg_iac,9.0
hadret/ansible-role-containers,pdg_process,7.0
hadret/ansible-role-containers,delta_iac,13.0
hadret/ansible-role-containers,delta_process,3.0
hadret/ansible-role-containers,iac_process,13.0
hadret/ansible-role-containers,pdg_delta_iac,13.0
hadret/ansible-role-containers,pdg_delta_process,5.5
hadret/ansible-role-containers,pdg_iac_process,9.0
hadret/ansible-role-containers,delta_iac_process,13.0
hadret/ansible-role-containers,pdg_iac_delta_process,13.0
infOpen/ansible-role-fail2ban,pdg,8.5
infOpen/ansible-role-fail2ban,delta,1.0
infOpen/ansible-role-fail2ban,iac,8.5
infOpen/ansible-role-fail2ban,process,8.5
infOpen/ansible-role-fail2ban,pdg_delta,8.5
infOpen/ansible-role-fail2ban,pdg_iac,8.5
infOpen/ansible-role-fail2ban,pdg_process,8.5
infOpen/ansible-role-fail2ban,delta_iac,8.5
infOpen/ansible-role-fail2ban,delta_process,8.5
infOpen/ansible-role-fail2ban,iac_process,8.5
infOpen/ansible-role-fail2ban,pdg_delta_iac,8.5
infOpen/ansible-role-fail2ban,pdg_delta_process,8.5
infOpen/ansible-role-fail2ban,pdg_iac_process,8.5
infOpen/ansible-role-fail2ban,delta_iac_process,8.5
infOpen/ansible-role-fail2ban,pdg_iac_delta_process,8.5
cloudalchemy/ansible-smokeping_prober,pdg,8.0
cloudalchemy/ansible-smokeping_prober,delta,8.0
cloudalchemy/ansible-smokeping_prober,iac,8.0
cloudalchemy/ansible-smokeping_prober,process,8.0
cloudalchemy/ansible-smokeping_prober,pdg_delta,8.0
cloudalchemy/ansible-smokeping_prober,pdg_iac,8.0
cloudalchemy/ansible-smokeping_prober,pdg_process,8.0
cloudalchemy/ansible-smokeping_prober,delta_iac,8.0
cloudalchemy/ansible-smokeping_prober,delta_process,8.0
cloudalchemy/ansible-smokeping_prober,iac_process,8.0
cloudalchemy/ansible-smokeping_prober,pdg_delta_iac,8.0
cloudalchemy/ansible-smokeping_prober,pdg_delta_process,8.0
cloudalchemy/ansible-smokeping_prober,pdg_iac_process,8.0
cloudalchemy/ansible-smokeping_prober,delta_iac_process,8.0
cloudalchemy/ansible-smokeping_prober,pdg_iac_delta_process,8.0
galaxyproject/ansible-galaxy-tools,pdg,8.0
galaxyproject/ansible-galaxy-tools,delta,8.0
galaxyproject/ansible-galaxy-tools,iac,8.0
galaxyproject/ansible-galaxy-tools,process,8.0
galaxyproject/ansible-galaxy-tools,pdg_delta,8.0
galaxyproject/ansible-galaxy-tools,pdg_iac,8.0
galaxyproject/ansible-galaxy-tools,pdg_process,8.0
galaxyproject/ansible-galaxy-tools,delta_iac,8.0
galaxyproject/ansible-galaxy-tools,delta_process,8.0
galaxyproject/ansible-galaxy-tools,iac_process,8.0
galaxyproject/ansible-galaxy-tools,pdg_delta_iac,8.0
galaxyproject/ansible-galaxy-tools,pdg_delta_process,8.0
galaxyproject/ansible-galaxy-tools,pdg_iac_process,8.0
galaxyproject/ansible-galaxy-tools,delta_iac_process,8.0
galaxyproject/ansible-galaxy-tools,pdg_iac_delta_process,8.0
